{
    "statevector": {
        "distance": [
            0.3,
            0.4,
            0.5,
            0.6,
            0.7,
            0.8,
            0.9,
            1.0,
            1.1,
            1.2,
            1.3,
            1.4,
            1.5,
            1.6,
            1.7,
            1.8,
            1.9,
            2.0
        ],
        "vqe_optimal_energy_list": [
            -0.601803704884406,
            -0.9141496985111472,
            -1.0551597899596932,
            -1.1162860034098214,
            -1.1361894517569804,
            -1.1341476601778395,
            -1.120560274950432,
            -1.1011503273595564,
            -1.0791929393929736,
            -1.056740744966795,
            -1.0351862630329591,
            -1.0154682462554083,
            -0.9981493521286691,
            -0.9834727270395569,
            -0.9714266864348498,
            -0.9618169516230834,
            -0.9543388509749194,
            -0.9486411119023048
        ],
        "vqe_minimal_energy_list": [
            -0.6018037113300252,
            -0.914149705004863,
            -1.0551597946241127,
            -1.1162860068481812,
            -1.1361894537891255,
            -1.134147666264715,
            -1.1205602807298822,
            -1.1011503301324277,
            -1.079192944294562,
            -1.0567407460177027,
            -1.0351862661619249,
            -1.0154682490497455,
            -0.9981493533156507,
            -0.9834727289218699,
            -0.9714266883494749,
            -0.9618169526905851,
            -0.9543388536730545,
            -0.9486411119023048
        ],
        "exact_energy_list": [
            -0.6018037114169312,
            -0.9141497050119489,
            -1.0551597946880176,
            -1.1162860069722225,
            -1.1361894540879058,
            -1.1341476666428463,
            -1.1205602812268736,
            -1.1011503301329562,
            -1.0791929448522461,
            -1.0567407461794303,
            -1.0351862663067573,
            -1.0154682491653269,
            -0.9981493533579175,
            -0.9834727289323322,
            -0.9714266883717309,
            -0.961816952720407,
            -0.95433885394012,
            -0.9486411121296496
        ],
        "vqe_std_list": [
            0.0,
            0.0,
            0.0,
            0.0,
            0.0,
            0.0,
            0.0,
            0.0,
            0.0,
            0.0,
            0.0,
            0.0,
            0.0,
            0.0,
            0.0,
            0.0,
            0.0,
            0.0
        ],
        "vqe_averaged_energy_list": [
            -0.6017882396282237,
            -0.9141406402834606,
            -1.0551561094945037,
            -1.1162800360243303,
            -1.1361874878382936,
            -1.1341345431536234,
            -1.1205561567461673,
            -1.1011491216460638,
            -1.079186069450221,
            -1.0567377571443088,
            -1.035180227548667,
            -1.0154211671431619,
            -0.9981445823572178,
            -0.9834525590067079,
            -0.9714264038624127,
            -0.9617793057658564,
            -0.9543193993866609,
            -0.9486372527848227
        ],
        "vqe_averaged_energy_std_list": [
            4.188836965636929e-05,
            1.8835160858282588e-05,
            8.735562865902892e-06,
            1.4840257030105582e-05,
            3.4046414025738115e-06,
            3.052005487699367e-05,
            8.511696639513608e-06,
            2.002253591996397e-06,
            1.7579941070388312e-05,
            6.218318291665647e-06,
            1.1039900147011612e-05,
            0.00012180537957737202,
            1.2278505015070114e-05,
            4.251036390411401e-05,
            3.9997320682213143e-07,
            9.758819595808762e-05,
            4.35172048701899e-05,
            9.907643647940852e-06
        ]
    },
    "noisy_simulator": {
        "distance": [
            0.3,
            0.4,
            0.5,
            0.6,
            0.7,
            0.8,
            0.9,
            1.0,
            1.1,
            1.2,
            1.3,
            1.4,
            1.5,
            1.6,
            1.7,
            1.8,
            1.9,
            2.0
        ],
        "vqe_optimal_energy_list": [
            -0.6026719047866911,
            -0.9111023982332229,
            -1.055440244422899,
            -1.1140583475325376,
            -1.1346438013489029,
            -1.1286283621776354,
            -1.1124318197708338,
            -1.0992285368677446,
            -1.080148714471425,
            -1.05314539621632,
            -1.0343777956307298,
            -1.0122919730410702,
            -0.9980047793845139,
            -0.9854753667145735,
            -0.9683541889669192,
            -0.9583789663770736,
            -0.9539444086920025,
            -0.9475880919653712
        ],
        "vqe_minimal_energy_list": [
            -0.6064533585694709,
            -0.9201092566770495,
            -1.0569866761173772,
            -1.1209057760149364,
            -1.1411155110543532,
            -1.1363330129041542,
            -1.1209513962010536,
            -1.1026780979062356,
            -1.0836984455880034,
            -1.0603936066333741,
            -1.0411705493939687,
            -1.0163360335870308,
            -1.0019533387786626,
            -0.9869183643038584,
            -0.9730646368181426,
            -0.9622073335719552,
            -0.9562434573509221,
            -0.9517977644374427
        ],
        "exact_energy_list": [
            -0.6018037114169312,
            -0.9141497050119489,
            -1.0551597946880176,
            -1.1162860069722225,
            -1.1361894540879058,
            -1.1341476666428463,
            -1.1205602812268736,
            -1.1011503301329562,
            -1.0791929448522461,
            -1.0567407461794303,
            -1.0351862663067573,
            -1.0154682491653269,
            -0.9981493533579175,
            -0.9834727289323322,
            -0.9714266883717309,
            -0.961816952720407,
            -0.95433885394012,
            -0.9486411121296496
        ],
        "vqe_std_list": [
            0.0014897369793994309,
            0.0017897106742072952,
            0.0013676363673532533,
            0.002058114251182417,
            0.0019266639273685673,
            0.0016671196936545699,
            0.00217394567790812,
            0.0017718736488124972,
            0.0018304426355357718,
            0.0018406601951862626,
            0.0018500364162152383,
            0.0018343993387106641,
            0.0017206994032643993,
            0.0016113980244098075,
            0.0015417076293305838,
            0.001298176748042834,
            0.0012997627417138532,
            0.0010506759192890564
        ],
        "vqe_averaged_energy_list": [
            -0.6000603916880304,
            -0.9131936037887792,
            -1.0528656696223937,
            -1.115881843551177,
            -1.136139719544547,
            -1.1322485614888405,
            -1.1174676771149576,
            -1.0992900137276753,
            -1.080646399106644,
            -1.0566877082721393,
            -1.0355019241137058,
            -1.0147043469462393,
            -0.9984486546941816,
            -0.9841411799414985,
            -0.9709302615869813,
            -0.9588640482727524,
            -0.9534988742352526,
            -0.9487987595636982
        ],