{
    "statevector": {
        "configs": [
            2,
            4
        ],
        "vqe_optimal_energy_list": [
            -15.567106579934661,
            -15.57291855592162
        ],
        "vqe_minimal_energy_list": [
            -15.56710658173632,
            -15.57291855592162
        ],
        "exact_energy_list": [
            -15.567106581854128,
            -15.572918556150869
        ],
        "vqe_std_list": [
            0.0,
            0.0
        ],
        "vqe_averaged_energy_list": [
            -15.567095661593521,
            -15.572918541106185
        ],
        "vqe_averaged_energy_std_list": [
            2.4303127939434475e-05,
            1.029307029777732e-08
        ],
        "vqe_layers_used": [
            0.0,
            1.0
        ],
        "final_averaged_energy": [
            -15.567338102767238,
            -15.572156569540468
        ],
        "final_averaged_std": [
            0.0,
            0.0
        ],
        "final_energy_list": [
            [
                -15.567338102767238
            ],
            [
                -15.572156569540468
            ]
        ]
    },
    "noisy_simulator": {
        "configs": [
            2,
            4
        ],
        "vqe_optimal_energy_list": [
            -15.567550018308095,
            -15.573522001360976
        ],
        "vqe_minimal_energy_list": [
            -15.568068268645762,
            -15.573708802596952
        ],
        "exact_energy_list": [
            -15.567106581854128,
            -15.572918556150869
        ],
        "vqe_std_list": [
            0.00033591806828088886,
            0.00044957456724119683
        ],
        "vqe_averaged_energy_list": [
            -15.567338102767238,
            -15.572156569540468
        ],
        "vqe_averaged_energy_std_list": [
            0.00038143067679401963,
            0.0006932085090154478
        ],
        "vqe_layers_used": [
            0.0,
            1.0
        ],
        "final_averaged_energy": [
            -15.567338102767238,
            -15.572156569540468
        ],
        "final_averaged_std": [
            0.0,
            0.0
        ],
        "final_energy_list": [
            [
                -15.567338102767238
            ],
            [
                -15.572156569540468
            ]
        ]
    },
    "IBM_real": {
        "configs": [
            2,
            4
        ],
        "vqe_optimal_energy_list": [
            -15.563267798737835,
            -15.571282545193268
        ],
        "vqe_minimal_energy_list": [
            -15.567851907142936,
            -15.579808893221697
        ],
        "exact_energy_list": [
            -15.567106581854128,
            -15.572918556150869
        ],
        "vqe_std_list": [
            0.0008069675845394017,
            0.0013267676885607342
        ],
        "vqe_averaged_energy_list": [
            -15.561835591016527,
            -15.559082628179848
        ],
        "vqe_averaged_energy_std_list": [
            0.006538740464803411,
            0.009624988421560465
        ],
        "vqe_layers_used": [
            0.0,
            1.0
        ],
        "final_averaged_energy": [
            -15.567338102767238,
            -15.572156569540468
        ],
        "final_averaged_std": [
            0.0,
            0.0
        ],
        "final_energy_list": [
            [
                -15.567338102767238
            ],
            [
                -15.572156569540468
            ]
        ]
    }
}