{
    "statevector": {
        "distance": [
            0.5,
            0.7,
            0.9,
            1.1,
            1.3,
            1.5,
            1.7,
            1.9,
            2.1,
            2.3,
            2.5,
            2.7,
            2.9,
            3.1,
            3.3,
            3.5,
            3.7,
            3.9,
            4.1
        ],
        "vqe_optimal_energy_list": [
            -7.046695968503634,
            -7.503752953304256,
            -7.7225441479100745,
            -7.824851072259847,
            -7.868460197916281,
            -7.881534916585558,
            -7.878639613790605,
            -7.867549739297555,
            -7.85279342419645,
            -7.837178243836648,
            -7.822876324540785,
            -7.810720227714283,
            -7.8017613574135485,
            -7.795064045731479,
            -7.790361927841587,
            -7.787259850687647,
            -7.783754612955082,
            -7.78309049717702,
            -7.783023877213384
        ],
        "vqe_minimal_energy_list": [
            -7.046695968503634,
            -7.503752953304256,
            -7.7225441479100745,
            -7.824851072259847,
            -7.868460197916281,
            -7.881534916585558,
            -7.878639613790605,
            -7.867549739297555,
            -7.85279342419645,
            -7.837178243836648,
            -7.822876324540785,
            -7.810720227714283,
            -7.8017613574135485,
            -7.795064045731479,
            -7.790361927841587,
            -7.787259850687647,
            -7.783754612955082,
            -7.78309049717702,
            -7.783023877213384
        ],
        "exact_energy_list": [
            -7.046699820649353,
            -7.503773300609876,
            -7.72257187738073,
            -7.824880010239648,
            -7.868481480322114,
            -7.881566899421189,
            -7.878707603426151,
            -7.867568128523153,
            -7.852826267204974,
            -7.837371040992636,
            -7.823012335859219,
            -7.811058244776552,
            -7.80179543617418,
            -7.795086875115313,
            -7.790461495546369,
            -7.787378051924119,
            -7.7839943305636865,
            -7.783522444889399,
            -7.783125150455791
        ],
        "vqe_std_list": [
            0.0,
            0.0,
            0.0,
            0.0,
            0.0,
            0.0,
            0.0,
            0.0,
            0.0,
            0.0,
            0.0,
            0.0,
            0.0,
            0.0,
            0.0,
            0.0,
            0.0,
            0.0,
            0.0
        ],
        "vqe_averaged_energy_list": [
            -7.046695233597491,
            -7.503742715692239,
            -7.722529805488558,
            -7.824841307501276,
            -7.868445166930859,
            -7.8815038444040155,
            -7.878595581128924,
            -7.86754229609941,
            -7.852782219354869,
            -7.837116105887786,
            -7.822851237627596,
            -7.810494607553986,
            -7.801726831545014,
            -7.795039092951859,
            -7.790262677984828,
            -7.78713716594258,
            -7.78373099601621,
            -7.783010360133078,
            -7.783022177842829
        ],
        "vqe_averaged_energy_std_list": [
            9.152670085482817e-07,
            6.972697294175144e-06,
            9.88711651863121e-06,
            7.056943624108822e-06,
            7.00543082367054e-06,
            2.1451034405691168e-05,
            1.7037826000359046e-05,
            5.80654515435994e-06,
            7.291977625683595e-06,
            2.9500055371042978e-05,
            1.7901465380189714e-05,
            0.00011884088215069439,
            1.639054934586021e-05,
            1.7204397582370482e-05,
            7.42760468815066e-05,
            0.00010610438330698073,
            2.055581935543956e-05,
            7.823525076346044e-05,
            7.757841995533221e-07
        ]
    },
    "noisy_simulator": {
        "distance": [
            0.5,
            0.7,
            0.9,
            1.1,
            1.3,
            1.5,
            1.7,
            1.9,
            2.1,
            2.3,
            2.5,
            2.7,
            2.9,
            3.1,
            3.3,
            3.5,
            3.7,
            3.9,
            4.1
        ],
        "vqe_optimal_energy_list": [
            -7.046667297029408,
            -7.504731064007312,
            -7.7184122372484545,
            -7.821164360876484,
            -7.866790358493729,
            -7.8779847493038595,
            -7.877364060341493,
            -7.8656504027308625,
            -7.848162603641135,
            -7.828241620205102,
            -7.818160301996925,
            -7.805911547468403,
            -7.795630793108662,
            -7.789619788580664,
            -7.766163467924784,
            -7.768568772406731,
            -7.766476209682093,
            -7.7694452797392755,
            -7.773549868159107
        ],
        "vqe_minimal_energy_list": [
            -7.046667297029408,
            -7.504731064007312,
            -7.720585531702678,
            -7.822468011389418,
            -7.8681467125690485,
            -7.8820805421455145,
            -7.878105687733409,
            -7.867167565119658,
            -7.851669128708079,
            -7.834195706864826,
            -7.821565853000387,
            -7.810493158134193,
            -7.799404643047829,
            -7.791637646763453,
            -7.77230324710505,
            -7.7717648530216135,
            -7.769726621816501,
            -7.774241904185263,
            -7.775959888026061
        ],
        "exact_energy_list": [
            -7.046699820649353,
            -7.503773300609876,
            -7.72257187738073,
            -7.824880010239648,
            -7.868481480322114,
            -7.881566899421189,
            -7.878707603426151,
            -7.867568128523153,
            -7.852826267204974,
            -7.837371040992636,
            -7.823012335859219,
            -7.811058244776552,
            -7.80179543617418,
            -7.795086875115313,
            -7.790461495546369,
            -7.787378051924119,
            -7.7839943305636865,
            -7.783522444889399,
            -7.783125150455791
        ],
        "vqe_std_list": [
            0.0010285045568824613,
            0.0010834822643421196,
            0.0012961880312752079,
            0.0010726295034069924,
            0.0011878683996950706,
            0.0013343222739768928,
            0.0012722542809846308,
            0.0013476858319971064,
            0.0012721804571009963,
            0.0014246182079826189,
            0.001435562887137905,
            0.0016328781343334718,
            0.0016540228991544224,
            0.0016312946762520885,
            0.0014865376188546858,
            0.0014365531651704714,
            0.0014170550464273702,
            0.001399938761317353,
            0.001373958284981606
        ],
        "vqe_averaged_energy_list": [
            -7.044169315457848,
            -7.500775164261574,
            -7.717722515125152,
            -7.819708594735315,
            -7.864835326124639,
            -7.880013773546461,
            -7.875450480610485,
            -7.863108570830926,
            -7.847211589496434,
            -7.830812915823183,
            -7.817352231797841,
            -7.806572600508565,
            -7.795250713097421,
            -7.787945953252669,
            -7.768502145703792,
            -7.768412105509965,
            -7.7669504575279,
            -7.77036702764575,
            -7.77255904299121
        ],