{
    "statevector": {
        "configs": [
            2,
            4,
            8,
            16,
            32
        ],
        "vqe_optimal_energy_list": [
            -227.89975604593866,
            -227.92170857274743,
            -227.9412379593531,
            -227.97035701407583,
            -227.988124112266
        ],
        "vqe_minimal_energy_list": [
            -227.89975604729779,
            -227.92170857493812,
            -227.94123795962378,
            -227.97035701407583,
            -227.988124112266
        ],
        "exact_energy_list": [
            -227.89975604730165,
            -227.9217085751065,
            -227.941237960624,
            -227.97035705895559,
            -227.98953464083257
        ],
        "vqe_std_list": [
            0.0,
            0.0,
            0.0,
            0.0,
            0.0
        ],
        "vqe_averaged_energy_list": [
            -227.89975021229435,
            -227.92170856352635,
            -227.94123795823458,
            -227.97035697386968,
            -227.98812408346058
        ],
        "vqe_averaged_energy_std_list": [
            1.2961391818433976e-05,
            1.106410739021446e-08,
            1.28489001725778e-09,
            2.9038801540992934e-08,
            1.8602378954378202e-08
        ],
        "vqe_layers_used": [
            0.0,
            1.0,
            2.0,
            3.0,
            5.0
        ],
        "final_averaged_energy": [
            -227.8995267098093,
            -227.9207480005523,
            -227.93820730115584,
            -227.95570889346814,
            -227.93559327221152
        ],
        "final_averaged_std": [
            0.00028124609061701484,
            0.0005292567889270346,
            0.0009276098246750738,
            0.0022987158717895995,
            0.004184929308235141
        ],
        "final_energy_list": [
            [
                -227.89920827113232,
                -227.89983532290097,
                -227.89988419169214,
                -227.8997838543768,
                -227.8995806067441,
                -227.89945290645028,
                -227.89984303742432,
                -227.8993368219717,
                -227.89913256395977,
                -227.89920952144035
            ],
            [
                -227.921681169617,
                -227.92004238070217,
                -227.92095593483515,
                -227.9207073979175,
                -227.9203674084656,
                -227.92132499912032,
                -227.92065065834305,
                -227.9213104561983,
                -227.92033368063056,
                -227.92010591969353
            ],
            [
                -227.93686233918638,
                -227.93808241296202,
                -227.93743454813134,
                -227.93803195463357,
                -227.93970951616134,
                -227.93697154034257,
                -227.93911162862173,
                -227.93938149938222,
                -227.93795290824224,
                -227.9385346638951
            ],
            [
                -227.9574945426807,
                -227.95334329578378,
                -227.9535514276707,
                -227.9535656913055,
                -227.95383730162007,
                -227.95825392856273,
                -227.95812200553343,
                -227.953129010461,
                -227.95671609491063,
                -227.95907563615302
            ],
            [
                -227.9364597583853,
                -227.93200433317102,
                -227.93748472241586,
                -227.93640398070224,
                -227.94296204513662,
                -227.9268442314708,
                -227.93858791369968,
                -227.93173941135615,
                -227.93656150898892,
                -227.93688481678845
            ]
        ]
    },
    "noisy_simulator": {
        "configs": [
            2,
            4,
            8,
            16,
            32
        ],
        "vqe_optimal_energy_list": [
            -227.8988652193151,
            -227.91925472159704,
            -227.9382302147216,
            -227.9596708147683,
            -227.93977774414418
        ],
        "vqe_minimal_energy_list": [
            -227.89976428606013,
            -227.92192846295137,
            -227.94000773817703,
            -227.96126470322082,
            -227.94132694884524
        ],
        "exact_energy_list": [
            -227.89975604730165,
            -227.9217085751065,
            -227.941237960624,
            -227.97035705895559,
            -227.98953464083257
        ],
        "vqe_std_list": [
            0.00043955321454529437,
            0.0006374939252400402,
            0.0005980575180643778,
            0.000861941621995839,
            0.0010303951938345586
        ],
        "vqe_averaged_energy_list": [
            -227.89920952144035,
            -227.92010591969353,
            -227.9385346638951,
            -227.95907563615302,
            -227.93688481678845
        ],
        "vqe_averaged_energy_std_list": [
            0.00046984516041844273,
            0.0003830229116768344,
            0.0006492453716977855,
            0.0006744908574383052,
            0.0013973704874617706
        ],
        "vqe_layers_used": [
            0.0,
            1.0,
            2.0,
            3.0,
            4.0
        ],
        "final_averaged_energy": [
            -227.8995267098093,
            -227.9207480005523,
            -227.93820730115584,
            -227.95570889346814,
            -227.93559327221152
        ],
        "final_averaged_std": [
            0.00028124609061701484,
            0.0005292567889270346,
            0.0009276098246750738,
            0.0022987158717895995,
            0.004184929308235141
        ],
        "final_energy_list": [
            [
                -227.89920827113232,
                -227.89983532290097,
                -227.89988419169214,
                -227.8997838543768,
                -227.8995806067441,
                -227.89945290645028,
                -227.89984303742432,
                -227.8993368219717,
                -227.89913256395977,
                -227.89920952144035
            ],
            [
                -227.921681169617,
                -227.92004238070217,
                -227.92095593483515,
                -227.9207073979175,
                -227.9203674084656,
                -227.92132499912032,
                -227.92065065834305,
                -227.9213104561983,
                -227.92033368063056,
                -227.92010591969353
            ],
            [
                -227.93686233918638,
                -227.93808241296202,
                -227.93743454813134,
                -227.93803195463357,
                -227.93970951616134,
                -227.93697154034257,
                -227.93911162862173,
                -227.93938149938222,
                -227.93795290824224,
                -227.9385346638951
            ],
            [
                -227.9574945426807,
                -227.95334329578378,
                -227.9535514276707,
                -227.9535656913055,
                -227.95383730162007,
                -227.95825392856273,
                -227.95812200553343,
                -227.953129010461,
                -227.95671609491063,
                -227.95907563615302
            ],
            [
                -227.9364597583853,
                -227.93200433317102,
                -227.93748472241586,
                -227.93640398070224,
                -227.94296204513662,
                -227.9268442314708,
                -227.93858791369968,
                -227.93173941135615,
                -227.93656150898892,
                -227.93688481678845
            ]
        ]
    },
    "IBM_real": {
        "configs": [
            2,
            4
        ],