{
    "exact": {
        "configs": [
            2,
            4,
            8,
            16,
            32,
            64,
            128,
            256,
            512,
            1024,
            2048,
            4096
        ],
        "exact_energy_list": [
            -77.115184896856,
            -77.12311361655944,
            -77.13226115135933,
            -77.14550194357031,
            -77.1641963242721,
            -77.18734492980423,
            -77.21163650169402,
            -77.22308606970589,
            -77.22654995434877,
            -77.22846134308898,
            -77.23006638012538,
            -77.23125793287241
        ]
    },
    "statevector": {
        "configs": [
            2,
            4,
            8,
            16,
            32,
            64,
            128,
            256
        ],
        "vqe_optimal_energy_list": [
            -77.1912379071104,
            -77.11518489491695,
            -77.12311361331336,
            -77.13226114973153,
            -77.14550193428963,
            -77.16414410885227,
            -77.18638380598938,
            -77.20455126672695,
            -77.1912379071104
        ],
        "vqe_minimal_energy_list": [
            -77.1912379071104,
            -77.11518489685494,
            -77.12311361451904,
            -77.13226115052504,
            -77.14550193428963,
            -77.16414410885227,
            -77.18638380598938,
            -77.20455126672695,
            -77.1912379071104
        ],
        "exact_energy_list": [
            -77.22308606970643,
            -77.11518489685602,
            -77.12311361655944,
            -77.13226115135942,
            -77.14550194357031,
            -77.16419632427233,
            -77.18734492980445,
            -77.21163650169433,
            -77.22308606970643
        ],
        "vqe_std_list": [
            0.0,
            0.0,
            0.0,
            0.0,
            0.0,
            0.0,
            0.0,
            0.0,
            0.0
        ],
        "vqe_averaged_energy_list": [
            -77.11517318460919,
            -77.12311359680555,
            -77.13226114774685,
            -77.14550193022981,
            -77.16414271805448,
            -77.18629218723602,
            -77.21064237632305,
            -77.22294684279231
        ],
        "vqe_averaged_energy_std_list": [
            3.0414073609997255e-05,
            2.387568346271033e-08,
            2.6425398958134448e-09,
            1.6995442194436684e-09,
            7.372345332743926e-07,
            5.065486432571062e-05,
            9.495236259439468e-10,
            2.534115068139688e-07
        ],
        "vqe_layers_used": [
            11.0,
            0.0,
            1.0,
            2.0,
            3.0,
            5.0,
            7.0,
            9.0,
            11.0
        ],
        "final_averaged_energy": [
            -77.11550072851044,
            -77.12068102277084,
            -77.12952195119618,
            -77.12555775564881
        ],
        "final_averaged_std": [
            0.0,
            0.0,
            0.0,
            0.0
        ],
        "final_energy_list": [
            [
                -77.11550072851044
            ],
            [
                -77.12068102277084
            ],
            [
                -77.12952195119618
            ],
            [
                -77.12555775564881
            ]
        ]
    },
    "noisy_simulator": {
        "configs": [
            2,
            4,
            8,
            16
        ],
        "vqe_optimal_energy_list": [
            -77.11677241367613,
            -77.1212169259801,
            -77.1301089468848,
            -77.1246697063701
        ],
        "vqe_minimal_energy_list": [
            -77.11677241367613,
            -77.12382675666095,
            -77.13224730267473,
            -77.13236538457585
        ],
        "exact_energy_list": [
            -77.11518489685602,
            -77.12311361655944,
            -77.13226115135942,
            -77.14550194357031
        ],
        "vqe_std_list": [
            0.0006714806898699654,
            0.0012628809847602808,
            0.00140000440937731,
            0.0016646020451267162
        ],
        "vqe_averaged_energy_list": [
            -77.11550072851044,
            -77.12068102277084,
            -77.12952195119618,
            -77.12555775564881
        ],
        "vqe_averaged_energy_std_list": [
            0.0006622891398141549,
            0.0023084974334831726,
            0.002244250622509334,
            0.002339934407946887
        ],
        "vqe_layers_used": [
            0.0,
            1.0,
            2.0,
            3.0
        ],
        "final_averaged_energy": [
            -77.11550072851044,
            -77.12068102277084,
            -77.12952195119618,
            -77.12555775564881
        ],
        "final_averaged_std": [
            0.0,
            0.0,
            0.0,
            0.0
        ],
        "final_energy_list": [
            [
                -77.11550072851044
            ],
            [
                -77.12068102277084
            ],
            [
                -77.12952195119618
            ],
            [
                -77.12555775564881
            ]
        ]
    },
    "IBM_real": {
        "configs": [
            2,
            4
        ],
        "vqe_optimal_energy_list": [
            -77.11540177356082,
            -77.105090730961
        ],
        "vqe_minimal_energy_list": [
            -77.11854537397096,
            -77.11739466551552
        ],
        "exact_energy_list": [
            -77.11518489685602,
            -77.12311361655944
        ],
        "vqe_std_list": [
            0.0014342436976525173,
            0.003508602424886049
        ],
        "vqe_averaged_energy_list": [
            -77.11486731624179,
            -77.10660852011648
        ],
        "vqe_averaged_energy_std_list": [
            0.002282443419461248,
            0.007353995260044646
        ],
        "vqe_layers_used": [
            0.0,
            1.0
        ],
        "final_averaged_energy": [
            -77.11550072851044,
            -77.12068102277084,
            -77.12952195119618,
            -77.12555775564881
        ],
        "final_averaged_std": [
            0.0,
            0.0,
            0.0,
            0.0
        ],
        "final_energy_list": [
            [
                -77.11550072851044
            ],
            [
                -77.12068102277084
            ],
            [
                -77.12952195119618
            ],
            [
                -77.12555775564881
            ]
        ]
    }
}