{
    "statevector": {
        "configs": [],
        "vqe_optimal_energy_list": [],
        "vqe_minimal_energy_list": [],
        "exact_energy_list": [],
        "vqe_std_list": [],
        "vqe_averaged_energy_list": [],
        "vqe_averaged_energy_std_list": [],
        "vqe_layers_used": [],
        "final_averaged_energy": [],
        "final_averaged_std": [],
        "final_energy_list": []
    },
    "noisy_simulator": {
        "configs": [
            2,
            4,
            8,
            16,
            32
        ],
        "vqe_optimal_energy_list": [
            -74.97381040797458,
            -74.98182702228681,
            -74.98376458389409,
            -74.98501497097675,
            -74.9593190915978
        ],
        "vqe_minimal_energy_list": [
            -74.97531500754843,
            -74.98360978626572,
            -74.9874204596682,
            -74.98777682778093,
            -74.96501439155927
        ],
        "exact_energy_list": [
            -74.97490887856114,
            -74.98246438333956,
            -74.9919012884516,
            -75.00782125864295,
            -75.01133472700084
        ],
        "vqe_std_list": [
            0.0007832182299028712,
            0.0007725096678960954,
            0.0007616084623307701,
            0.0009714911540613692,
            0.001317094666558633
        ],
        "vqe_averaged_energy_list": [
            -74.97381090542754,
            -74.9817987003392,
            -74.9854296445005,
            -74.98566831832557,
            -74.96054373388432
        ],
        "vqe_averaged_energy_std_list": [
            0.000967440168117196,
            0.0010375345215897364,
            0.0008582079762546024,
            0.001533865141328673,
            0.0016545028373284331
        ],
        "vqe_layers_used": [
            0.0,
            1.0,
            2.0,
            3.0,
            4.0
        ],
        "final_averaged_energy": [],
        "final_averaged_std": [],
        "final_energy_list": []
    },
    "IBM_real": {
        "configs": [
            2,
            4,
            8
        ],
        "vqe_optimal_energy_list": [
            -74.97220073674364,
            -74.97255405835712,
            -74.81210617785841
        ],
        "vqe_minimal_energy_list": [
            -74.97731412359667,
            -74.9990198615599,
            -74.81210617785841
        ],
        "exact_energy_list": [
            -74.97490887856114,
            -74.98246438333956,
            -74.9919012884516
        ],
        "vqe_std_list": [
            0.001895326310630522,
            0.0020219683582640723,
            0.0029418476676976294
        ],
        "vqe_averaged_energy_list": [
            -74.97286530550572,
            -74.97089910619472,
            -74.78959714462223
        ],
        "vqe_averaged_energy_std_list": [
            0.0027556065714671733,
            0.01616290614770108,
            0.005740034297224666
        ],
        "vqe_layers_used": [
            0.0,
            1.0,
            2.0
        ],
        "final_averaged_energy": [],
        "final_averaged_std": [],
        "final_energy_list": []
    }
}