{
    "statevector": {
        "configs": [
            2,
            4,
            8,
            16,
            32
        ],
        "vqe_optimal_energy_list": [
            -74.97490887477493,
            -74.98246437787499,
            -74.99190127587948,
            -75.00782108426895,
            -75.01074886623184
        ],
        "vqe_minimal_energy_list": [
            -74.97490887851417,
            -74.98246437787499,
            -74.99190128480373,
            -75.00782108426895,
            -75.01074886623184
        ],
        "exact_energy_list": [
            -74.97490887856114,
            -74.98246438333956,
            -74.9919012884516,
            -75.00782125864295,
            -75.01133472700084
        ],
        "vqe_std_list": [
            0.0,
            0.0,
            0.0,
            0.0,
            0.0
        ],
        "vqe_averaged_energy_list": [
            -74.97490705146707,
            -74.98246436521504,
            -74.99190128104517,
            -75.00782100352026,
            -75.01074876093992
        ],
        "vqe_averaged_energy_std_list": [
            3.0376214719699467e-06,
            8.996470847019138e-09,
            2.8953188480381616e-09,
            6.145772926567849e-08,
            5.1243809948616425e-08
        ],
        "vqe_layers_used": [
            0.0,
            1.0,
            2.0,
            3.0,
            4.0
        ],
        "final_averaged_energy": [
            -74.97356239945329,
            -74.98163398705825,
            -74.98329966449768,
            -74.98289235687655,
            -74.95022095980387
        ],
        "final_averaged_std": [
            0.0,
            0.0,
            0.0,
            0.0,
            0.0
        ]
    },
    "noisy_simulator": {
        "configs": [
            2,
            4,
            8,
            16,
            32
        ],
        "vqe_optimal_energy_list": [
            -74.97638505396205,
            -74.98045439502205,
            -74.98295206787917,
            -74.99159647465846,
            -74.9633676272419
        ],
        "vqe_minimal_energy_list": [
            -74.97644835072755,
            -74.98724105637702,
            -74.98759840379836,
            -74.99159647465846,
            -74.9633676272419
        ],
        "exact_energy_list": [
            -74.97490887856114,
            -74.98246438333956,
            -74.9919012884516,
            -75.00782125864295,
            -75.01133472700084
        ],
        "vqe_std_list": [
            0.0012558680199309304,
            0.001654788915522662,
            0.0016483793175796,
            0.0022233246124142084,
            0.0028377125295455663
        ],
        "vqe_averaged_energy_list": [
            -74.97356239945329,
            -74.98163398705825,
            -74.98329966449768,
            -74.98289235687655,
            -74.95022095980387
        ],
        "vqe_averaged_energy_std_list": [
            0.0015156986740772862,
            0.002935956193565387,
            0.0027124691498763218,
            0.0029077301399384877,
            0.0062491390009819766
        ],
        "vqe_layers_used": [
            0.0,
            1.0,
            2.0,
            3.0,
            4.0
        ],
        "final_averaged_energy": [
            -74.97356239945329,
            -74.98163398705825,
            -74.98329966449768,
            -74.98289235687655,
            -74.95022095980387
        ],
        "final_averaged_std": [
            0.0,
            0.0,
            0.0,
            0.0,
            0.0
        ]
    },
    "IBM_real": {
        "configs": [
            2,
            4,
            8
        ],
        "vqe_optimal_energy_list": [
            -74.97341923767118,
            -74.97210947208946,
            -74.80289753148223
        ],
        "vqe_minimal_energy_list": [
            -74.9801994291135,
            -74.97210947208946,
            -74.80289753148223
        ],
        "exact_energy_list": [
            -74.97490887856114,
            -74.98246438333956,
            -74.9919012884516
        ],
        "vqe_std_list": [
            0.0018070602063919121,
            0.0023946931231825803,
            0.0031934373308348317
        ],
        "vqe_averaged_energy_list": [
            -74.97142577948657,
            -74.9340329541468,
            -74.71334966606416
        ],
        "vqe_averaged_energy_std_list": [
            0.0032466965501897725,
            0.006226007633256094,
            0.02979722634711472
        ],
        "vqe_layers_used": [
            0.0,
            1.0,
            2.0
        ],
        "final_averaged_energy": [
            -74.97356239945329,
            -74.98163398705825,
            -74.98329966449768,
            -74.98289235687655,
            -74.95022095980387
        ],
        "final_averaged_std": [
            0.0,
            0.0,
            0.0,
            0.0,
            0.0
        ]
    }
}