{
    "statevector": {
        "configs": [
            2,
            4,
            8,
            16,
            32
        ],
        "vqe_optimal_energy_list": [
            -74.97490887477493,
            -74.98246437787499,
            -74.99190127587948,
            -75.00782108426895,
            -75.01112156852544
        ],
        "vqe_minimal_energy_list": [
            -74.97490887851417,
            -74.98246437787499,
            -74.99190128480373,
            -75.00782108426895,
            -75.01112156852544
        ],
        "exact_energy_list": [
            -74.97490887856114,
            -74.98246438333956,
            -74.9919012884516,
            -75.00782125864295,
            -75.01133472700084
        ],
        "vqe_std_list": [
            0.0,
            0.0,
            0.0,
            0.0,
            0.0
        ],
        "vqe_averaged_energy_list": [
            -74.97490705146707,
            -74.98246436521504,
            -74.99190128104517,
            -75.00782100352026,
            -75.01112143580409
        ],
        "vqe_averaged_energy_std_list": [
            3.0376214719699467e-06,
            8.996470847019138e-09,
            2.8953188480381616e-09,
            6.145772926567849e-08,
            1.0894020370482004e-07
        ],
        "vqe_layers_used": [
            0.0,
            1.0,
            2.0,
            3.0,
            5.0
        ],
        "final_averaged_energy": [
            -74.97451563968664,
            -74.97836407865073,
            -74.98910681833142,
            -74.98681789283532,
            -74.96436055426884
        ],
        "final_averaged_std": [
            0.0,
            0.0,
            0.0,
            0.0,
            0.0
        ]
    },
    "noisy_simulator": {
        "configs": [
            2,
            4,
            8,
            16,
            32
        ],
        "vqe_optimal_energy_list": [
            -74.97354262022439,
            -74.97747135125944,
            -74.99046629861945,
            -74.9898784021167,
            -74.96640272281118
        ],
        "vqe_minimal_energy_list": [
            -74.97587986385483,
            -74.98056308585124,
            -74.99049528105465,
            -74.9898784021167,
            -74.96640272281118
        ],
        "exact_energy_list": [
            -74.97490887856114,
            -74.98246438333956,
            -74.9919012884516,
            -75.00782125864295,
            -75.01133472700084
        ],
        "vqe_std_list": [
            0.0006653734727153879,
            0.0007590914040404681,
            0.0007000842586378563,
            0.0010046489312249653,
            0.0012667229176964185
        ],
        "vqe_averaged_energy_list": [
            -74.97451563968664,
            -74.97836407865073,
            -74.98910681833142,
            -74.98681789283532,
            -74.96436055426884
        ],
        "vqe_averaged_energy_std_list": [
            0.0009148366435970358,
            0.0008268938650838333,
            0.0008118123388749961,
            0.001663079809492411,
            0.0013076443520218682
        ],
        "vqe_layers_used": [
            0.0,
            1.0,
            2.0,
            3.0,
            4.0
        ],
        "final_averaged_energy": [
            -74.97451563968664,
            -74.97836407865073,
            -74.98910681833142,
            -74.98681789283532,
            -74.96436055426884
        ],
        "final_averaged_std": [
            0.0,
            0.0,
            0.0,
            0.0,
            0.0
        ]
    },
    "IBM_real": {
        "configs": [
            2,
            4
        ],
        "vqe_optimal_energy_list": [
            -74.9782590050471,
            -74.98529836495344
        ],
        "vqe_minimal_energy_list": [
            -74.98308981703866,
            -74.98759346299235
        ],
        "exact_energy_list": [
            -74.97490887856114,
            -74.98246438333956
        ],
        "vqe_std_list": [
            0.001271758934253461,
            0.0013855660432395694
        ],
        "vqe_averaged_energy_list": [
            -74.97654026656372,
            -74.92916037344584
        ],
        "vqe_averaged_energy_std_list": [
            0.004736140919734137,
            0.12660031638789668
        ],
        "vqe_layers_used": [
            0.0,
            1.0
        ],
        "final_averaged_energy": [
            -74.97451563968664,
            -74.97836407865073,
            -74.98910681833142,
            -74.98681789283532,
            -74.96436055426884
        ],
        "final_averaged_std": [
            0.0,
            0.0,
            0.0,
            0.0,
            0.0
        ]
    }
}