{
    "statevector": {
        "configs": [
            2,
            4,
            8,
            16,
            32
        ],
        "vqe_optimal_energy_list": [
            -74.97490887477493,
            -74.98246437787499,
            -74.99190127587948,
            -75.00782108426895,
            -75.01074886623184
        ],
        "vqe_minimal_energy_list": [
            -74.97490887851417,
            -74.98246437787499,
            -74.99190128480373,
            -75.00782108426895,
            -75.01074886623184
        ],
        "exact_energy_list": [
            -74.97490887856114,
            -74.98246438333956,
            -74.9919012884516,
            -75.00782125864295,
            -75.01133472700084
        ],
        "vqe_std_list": [
            0.0,
            0.0,
            0.0,
            0.0,
            0.0
        ],
        "vqe_averaged_energy_list": [
            -74.97490705146707,
            -74.98246436521504,
            -74.99190128104517,
            -75.00782100352026,
            -75.01074876093992
        ],
        "vqe_averaged_energy_std_list": [
            3.0376214719699467e-06,
            8.996470847019138e-09,
            2.8953188480381616e-09,
            6.145772926567849e-08,
            5.1243809948616425e-08
        ],
        "vqe_layers_used": [
            0.0,
            1.0,
            2.0,
            3.0,
            4.0
        ],
        "final_averaged_energy": [],
        "final_averaged_std": []
    },
    "noisy_simulator": {
        "configs": [
            2,
            4,
            8,
            16,
            32
        ],
        "vqe_optimal_energy_list": [
            -74.97370093015358,
            -74.98022226916068,
            -74.98478431501505,
            -74.99110571100653,
            -74.96484147946529
        ],
        "vqe_minimal_energy_list": [
            -74.97611620099335,
            -74.98390564302596,
            -74.98670064141251,
            -74.99110571100653,
            -74.96484147946529
        ],
        "exact_energy_list": [
            -74.97490887856114,
            -74.98246438333956,
            -74.9919012884516,
            -75.00782125864295,
            -75.01133472700084
        ],
        "vqe_std_list": [
            0.0007332278341622866,
            0.0008504654156732417,
            0.0007164197897468961,
            0.0009812033572625068,
            0.0013392938836486953
        ],
        "vqe_averaged_energy_list": [
            -74.97386326903306,
            -74.9809203969772,
            -74.98495559281139,
            -74.98829010484637,
            -74.96014939716761
        ],
        "vqe_averaged_energy_std_list": [
            0.001579445135685199,
            0.0013834584095206667,
            0.0009796191318629604,
            0.0015990277868997715,
            0.002355133199766515
        ],
        "vqe_layers_used": [
            0.0,
            1.0,
            2.0,
            3.0,
            4.0
        ],
        "final_averaged_energy": [],
        "final_averaged_std": []
    },
    "IBM_real": {
        "configs": [
            2,
            4,
            8
        ],
        "vqe_optimal_energy_list": [
            -74.98796615220168,
            -74.94031768565468
        ],
        "vqe_minimal_energy_list": [
            -74.99000955097385,
            -75.00584834156048
        ],
        "exact_energy_list": [
            -74.97490887856114,
            -74.98246438333956
        ],
        "vqe_std_list": [
            0.0013739807463118271,
            0.0026921524126760172
        ],
        "vqe_averaged_energy_list": [
            -74.98459182787862,
            -74.97192625778722
        ],
        "vqe_averaged_energy_std_list": [
            0.0030749189500938203,
            0.006904179972256472
        ],
        "vqe_layers_used": [
            0.0,
            1.0
        ],
        "final_averaged_energy": [],
        "final_averaged_std": []
    }
}