{
    "statevector": {
        "configs": [
            2,
            4,
            8,
            16,
            32
        ],
        "vqe_optimal_energy_list": [
            -74.97490887477493,
            -74.98246437787499,
            -74.99190127587948,
            -75.00782108426895,
            -75.01074886623184
        ],
        "vqe_minimal_energy_list": [
            -74.97490887851417,
            -74.98246437787499,
            -74.99190128480373,
            -75.00782108426895,
            -75.01074886623184
        ],
        "exact_energy_list": [
            -74.97490887856114,
            -74.98246438333956,
            -74.9919012884516,
            -75.00782125864295,
            -75.01133472700084
        ],
        "vqe_std_list": [
            0.0,
            0.0,
            0.0,
            0.0,
            0.0
        ],
        "vqe_averaged_energy_list": [
            -74.97490705146707,
            -74.98246436521504,
            -74.99190128104517,
            -75.00782100352026,
            -75.01074876093992
        ],
        "vqe_averaged_energy_std_list": [
            3.0376214719699467e-06,
            8.996470847019138e-09,
            2.8953188480381616e-09,
            6.145772926567849e-08,
            5.1243809948616425e-08
        ],
        "vqe_layers_used": [
            0.0,
            1.0,
            2.0,
            3.0,
            4.0
        ],
        "final_averaged_energy": [
            -74.96941678018612,
            -74.9693660843687,
            -74.96162155588374,
            -74.95160711538644,
            -74.9261539581864
        ],
        "final_averaged_std": [
            0.0,
            0.0,
            0.0,
            0.0,
            0.0
        ]
    },
    "noisy_simulator": {
        "configs": [
            2,
            4,
            8,
            16,
            32
        ],
        "vqe_optimal_energy_list": [
            -74.97032389249001,
            -74.9777056881513,
            -74.95861567863467,
            -74.96047414316521,
            -74.93815299519342
        ],
        "vqe_minimal_energy_list": [
            -74.97278786116325,
            -74.98024337171661,
            -74.96950831122348,
            -74.96047414316521,
            -74.93815299519342
        ],
        "exact_energy_list": [
            -74.97490887856114,
            -74.98246438333956,
            -74.9919012884516,
            -75.00782125864295,
            -75.01133472700084
        ],
        "vqe_std_list": [
            0.0016001562322091483,
            0.0027528577030778863,
            0.0026187749814291805,
            0.0033952486431305276,
            0.00414301116786193
        ],
        "vqe_averaged_energy_list": [
            -74.96941678018612,
            -74.9693660843687,
            -74.96162155588374,
            -74.95160711538644,
            -74.9261539581864
        ],
        "vqe_averaged_energy_std_list": [
            0.0026191545199975718,
            0.0034391492054865517,
            0.0027951420543985777,
            0.005255586023187758,
            0.005239236553558848
        ],
        "vqe_layers_used": [
            0.0,
            1.0,
            2.0,
            3.0,
            4.0
        ],
        "final_averaged_energy": [
            -74.96941678018612,
            -74.9693660843687,
            -74.96162155588374,
            -74.95160711538644,
            -74.9261539581864
        ],
        "final_averaged_std": [
            0.0,
            0.0,
            0.0,
            0.0,
            0.0
        ]
    },
    "IBM_real": {
        "configs": [
            2,
            4,
            8
        ],
        "vqe_optimal_energy_list": [
            -74.98796615220168,
            -74.94031768565468
        ],
        "vqe_minimal_energy_list": [
            -74.99000955097385,
            -75.00584834156048
        ],
        "exact_energy_list": [
            -74.97490887856114,
            -74.98246438333956
        ],
        "vqe_std_list": [
            0.0013739807463118271,
            0.0026921524126760172
        ],
        "vqe_averaged_energy_list": [
            -74.98459182787862,
            -74.97192625778722
        ],
        "vqe_averaged_energy_std_list": [
            0.0030749189500938203,
            0.006904179972256472
        ],
        "vqe_layers_used": [
            0.0,
            1.0
        ],
        "final_averaged_energy": [
            -74.96941678018612,
            -74.9693660843687,
            -74.96162155588374,
            -74.95160711538644,
            -74.9261539581864
        ],
        "final_averaged_std": [
            0.0,
            0.0,
            0.0,
            0.0,
            0.0
        ]
    }
}