{
    "statevector": {
        "configs": [
            2,
            4,
            8,
            16,
            32
        ],
        "vqe_optimal_energy_list": [
            -74.97490887477493,
            -74.98246437787499,
            -74.99190127587948,
            -75.00782108426895,
            -75.01112156852544
        ],
        "vqe_minimal_energy_list": [
            -74.97490887851417,
            -74.98246437787499,
            -74.99190128480373,
            -75.00782108426895,
            -75.01112156852544
        ],
        "exact_energy_list": [
            -74.97490887856112,
            -74.98246438333959,
            -74.99190128845171,
            -75.00782125864295,
            -75.01133472700123
        ],
        "vqe_std_list": [
            0.0,
            0.0,
            0.0,
            0.0,
            0.0
        ],
        "vqe_averaged_energy_list": [
            -74.97490705146707,
            -74.98246436521504,
            -74.99190128104517,
            -75.00782100352026,
            -75.01112143580409
        ],
        "vqe_averaged_energy_std_list": [
            3.0376214719699467e-06,
            8.996470847019138e-09,
            2.8953188480381616e-09,
            6.145772926567849e-08,
            1.0894020370482004e-07
        ],
        "vqe_layers_used": [
            0.0,
            1.0,
            2.0,
            3.0,
            5.0
        ],
        "final_averaged_energy": [
            -74.9741327523086,
            -74.98081778634278,
            -74.98667790668239,
            -74.98710796970644,
            -74.96322809779103
        ],
        "final_averaged_std": [
            0.0014118510567981291,
            0.0014069686133932615,
            0.0012613160808408793,
            0.004941668662306208,
            0.0032133800616587415
        ],
        "final_energy_list": [
            [
                -74.97448755272036,
                -74.97419530080967,
                -74.97449691930954,
                -74.97390053656457,
                -74.97561818792167,
                -74.97271826872097,
                -74.97495917855369,
                -74.97071108336557,
                -74.97438931615261,
                -74.97585117896742
            ],
            [
                -74.97904950907969,
                -74.98195438450759,
                -74.97910709956928,
                -74.98092632925903,
                -74.98178509790893,
                -74.98212281567463,
                -74.97961391264079,
                -74.98132694732487,
                -74.9791614354065,
                -74.98313033205659
            ],
            [
                -74.9851305016674,
                -74.98768032653557,
                -74.98533561826405,
                -74.98700552872901,
                -74.98891541434894,
                -74.98825793361118,
                -74.98711225122679,
                -74.98617047658267,
                -74.98522145841545,
                -74.98594955744282
            ],
            [
                -74.98775685415876,
                -74.97757011719185,
                -74.99297966973481,
                -74.99014929548157,
                -74.98423139317468,
                -74.98480527308735,
                -74.99001543895434,
                -74.98057258311229,
                -74.98980112267274,
                -74.99319794949614
            ],
            [
                -74.96594420376371,
                -74.96362753969292,
                -74.95876931012604,
                -74.96892847304854,
                -74.95873742829696,
                -74.96429060629319,
                -74.96511645936633,
                -74.96363755084666,
                -74.96417513105067,
                -74.95905427542536
            ]
        ]
    },
    "noisy_simulator": {
        "configs": [
            2,
            4,
            8,
            16,
            32
        ],
        "vqe_optimal_energy_list": [
            -74.9762525145151,
            -74.9832062180388,
            -74.98445341832951,
            -74.99365044851737,
            -74.9586513574449
        ],
        "vqe_minimal_energy_list": [
            -74.97752617955831,
            -74.98492061628122,
            -74.98780647316775,
            -74.99641510658238,
            -74.96462593239744
        ],
        "exact_energy_list": [
            -74.97490887856112,
            -74.98246438333959,
            -74.99190128845171,
            -75.00782125864295,
            -75.01133472700123
        ],
        "vqe_std_list": [
            0.0006160035772559064,
            0.0007932170013504605,
            0.0007518647985995391,
            0.0009642920618908693,
            0.0012990973007861468
        ],
        "vqe_averaged_energy_list": [
            -74.97585117896742,
            -74.98313033205659,
            -74.98594955744282,
            -74.99319794949614,
            -74.95905427542536
        ],
        "vqe_averaged_energy_std_list": [
            0.0007302911586099468,
            0.0009129749585150733,
            0.00099796366481391,
            0.0010257824256556009,
            0.001877893428838136
        ],
        "vqe_layers_used": [
            0.0,
            1.0,
            2.0,
            3.0,
            4.0
        ],
        "final_averaged_energy": [
            -74.9741327523086,
            -74.98081778634278,
            -74.98667790668239,
            -74.98710796970644,
            -74.96322809779103
        ],
        "final_averaged_std": [
            0.0014118510567981291,
            0.0014069686133932615,
            0.0012613160808408793,
            0.004941668662306208,
            0.0032133800616587415
        ],
        "final_energy_list": [
            [
                -74.97448755272036,
                -74.97419530080967,
                -74.97449691930954,
                -74.97390053656457,
                -74.97561818792167,
                -74.97271826872097,
                -74.97495917855369,
                -74.97071108336557,
                -74.97438931615261,
                -74.97585117896742
            ],
            [
                -74.97904950907969,
                -74.98195438450759,
                -74.97910709956928,
                -74.98092632925903,
                -74.98178509790893,
                -74.98212281567463,
                -74.97961391264079,
                -74.98132694732487,
                -74.9791614354065,
                -74.98313033205659
            ],
            [
                -74.9851305016674,
                -74.98768032653557,
                -74.98533561826405,
                -74.98700552872901,
                -74.98891541434894,
                -74.98825793361118,
                -74.98711225122679,
                -74.98617047658267,
                -74.98522145841545,
                -74.98594955744282
            ],
            [
                -74.98775685415876,
                -74.97757011719185,
                -74.99297966973481,
                -74.99014929548157,
                -74.98423139317468,
                -74.98480527308735,
                -74.99001543895434,
                -74.98057258311229,
                -74.98980112267274,
                -74.99319794949614
            ],
            [
                -74.96594420376371,
                -74.96362753969292,
                -74.95876931012604,
                -74.96892847304854,
                -74.95873742829696,
                -74.96429060629319,
                -74.96511645936633,
                -74.96363755084666,
                -74.96417513105067,
                -74.95905427542536
            ]
        ]
    },
    "IBM_real": {
        "configs": [
            2,
            4
        ],
        "vqe_optimal_energy_list": [
            -74.9750072095275,
            -74.98107607156372
        ],