{
    "statevector": {
        "configs": [
            2,
            4,
            8,
            16,
            32
        ],
        "vqe_optimal_energy_list": [
            -74.97490887477493,
            -74.98246437787499,
            -74.99190127587948,
            -75.00782108426895,
            -75.01074886623184
        ],
        "vqe_minimal_energy_list": [
            -74.97490887851417,
            -74.98246437787499,
            -74.99190128480373,
            -75.00782108426895,
            -75.01074886623184
        ],
        "exact_energy_list": [
            -74.97490887856114,
            -74.98246438333956,
            -74.9919012884516,
            -75.00782125864295,
            -75.01133472700084
        ],
        "vqe_std_list": [
            0.0,
            0.0,
            0.0,
            0.0,
            0.0
        ],
        "vqe_averaged_energy_list": [
            -74.97490705146707,
            -74.98246436521504,
            -74.99190128104517,
            -75.00782100352026,
            -75.01074876093992
        ],
        "vqe_averaged_energy_std_list": [
            3.0376214719699467e-06,
            8.996470847019138e-09,
            2.8953188480381616e-09,
            6.145772926567849e-08,
            5.1243809948616425e-08
        ],
        "vqe_layers_used": [
            0.0,
            1.0,
            2.0,
            3.0,
            4.0
        ],
        "final_averaged_energy": [
            -74.97287968560053,
            -74.97701962014477,
            -74.98411422951432,
            -74.97949837458482,
            -74.94965056698683
        ],
        "final_averaged_std": [
            0.0,
            0.0,
            0.0,
            0.0,
            0.0
        ]
    },
    "noisy_simulator": {
        "configs": [
            2,
            4,
            8,
            16,
            32
        ],
        "vqe_optimal_energy_list": [
            -74.97622150825092,
            -74.98146853594628,
            -74.98388052093384,
            -74.98531086215758,
            -74.96150597312834
        ],
        "vqe_minimal_energy_list": [
            -74.97700877230426,
            -74.98337484448487,
            -74.99003393357104,
            -74.98531086215758,
            -74.96150597312834
        ],
        "exact_energy_list": [
            -74.97490887856114,
            -74.98246438333956,
            -74.9919012884516,
            -75.00782125864295,
            -75.01133472700084
        ],
        "vqe_std_list": [
            0.001851179286107158,
            0.0022684494045589164,
            0.0023214534740160493,
            0.003043660547938815,
            0.004251458067616123
        ],
        "vqe_averaged_energy_list": [
            -74.97287968560053,
            -74.97701962014477,
            -74.98411422951432,
            -74.97949837458482,
            -74.94965056698683
        ],
        "vqe_averaged_energy_std_list": [
            0.0025373123610118006,
            0.003438957710764396,
            0.003699094369700714,
            0.0033885420256184375,
            0.005680775836719991
        ],
        "vqe_layers_used": [
            0.0,
            1.0,
            2.0,
            3.0,
            4.0
        ],
        "final_averaged_energy": [
            -74.97287968560053,
            -74.97701962014477,
            -74.98411422951432,
            -74.97949837458482,
            -74.94965056698683
        ],
        "final_averaged_std": [
            0.0,
            0.0,
            0.0,
            0.0,
            0.0
        ]
    },
    "IBM_real": {
        "configs": [
            2,
            4,
            8
        ],
        "vqe_optimal_energy_list": [
            -74.98796615220168,
            -74.94031768565468
        ],
        "vqe_minimal_energy_list": [
            -74.99000955097385,
            -75.00584834156048
        ],
        "exact_energy_list": [
            -74.97490887856114,
            -74.98246438333956
        ],
        "vqe_std_list": [
            0.0013739807463118271,
            0.0026921524126760172
        ],
        "vqe_averaged_energy_list": [
            -74.98459182787862,
            -74.97192625778722
        ],
        "vqe_averaged_energy_std_list": [
            0.0030749189500938203,
            0.006904179972256472
        ],
        "vqe_layers_used": [
            0.0,
            1.0
        ],
        "final_averaged_energy": [
            -74.97287968560053,
            -74.97701962014477,
            -74.98411422951432,
            -74.97949837458482,
            -74.94965056698683
        ],
        "final_averaged_std": [
            0.0,
            0.0,
            0.0,
            0.0,
            0.0
        ]
    }
}