{
    "statevector": {
        "configs": [
            2,
            4,
            8,
            16,
            32
        ],
        "vqe_optimal_energy_list": [
            -74.97490887477493,
            -74.98246437787499,
            -74.99190127587948,
            -75.00782108426895,
            -75.01112156852544
        ],
        "vqe_minimal_energy_list": [
            -74.97490887851417,
            -74.98246437787499,
            -74.99190128480373,
            -75.00782108426895,
            -75.01112156852544
        ],
        "exact_energy_list": [
            -74.97490887856114,
            -74.98246438333956,
            -74.9919012884516,
            -75.00782125864295,
            -75.01133472700084
        ],
        "vqe_std_list": [
            0.0,
            0.0,
            0.0,
            0.0,
            0.0
        ],
        "vqe_averaged_energy_list": [
            -74.97490705146707,
            -74.98246436521504,
            -74.99190128104517,
            -75.00782100352026,
            -75.01112143580409
        ],
        "vqe_averaged_energy_std_list": [
            3.0376214719699467e-06,
            8.996470847019138e-09,
            2.8953188480381616e-09,
            6.145772926567849e-08,
            1.0894020370482004e-07
        ],
        "vqe_layers_used": [
            0.0,
            1.0,
            2.0,
            3.0,
            5.0
        ],
        "final_averaged_energy": [
            -74.97477236385178,
            -74.98018116971642,
            -74.9867394995205,
            -74.98699966105507,
            -74.96159870725094
        ],
        "final_averaged_std": [
            0.00043759398827552675,
            0.0012744262574709692,
            0.003553804595368009,
            0.003571978718222924,
            0.003442267311537483
        ],
        "final_energy_list": []
    },
    "noisy_simulator": {
        "configs": [
            2,
            4,
            8,
            16,
            32
        ],
        "vqe_optimal_energy_list": [
            -74.97486311602313,
            -74.98248089924401,
            -74.9884659946436,
            -74.98994757168474,
            -74.96617024892636
        ],
        "vqe_minimal_energy_list": [
            -74.97587921126133,
            -74.98446206671335,
            -74.99074882007925,
            -74.98994757168474,
            -74.96617024892636
        ],
        "exact_energy_list": [
            -74.97490887856114,
            -74.98246438333956,
            -74.9919012884516,
            -75.00782125864295,
            -75.01133472700084
        ],
        "vqe_std_list": [
            0.0007195386194964036,
            0.000801699954427055,
            0.0008029338043529911,
            0.0009958805304511739,
            0.0012784001219991183
        ],
        "vqe_averaged_energy_list": [
            -74.97439212413461,
            -74.9827395079584,
            -74.98926288358348,
            -74.98803857598594,
            -74.9632401618757
        ],
        "vqe_averaged_energy_std_list": [
            0.0008484729573067258,
            0.0007618599133766611,
            0.0006204564483217042,
            0.0014648400408588413,
            0.0015630792545355855
        ],
        "vqe_layers_used": [
            0.0,
            1.0,
            2.0,
            3.0,
            4.0
        ],
        "final_averaged_energy": [
            -74.97477236385178,
            -74.98018116971642,
            -74.9867394995205,
            -74.98699966105507,
            -74.96159870725094
        ],
        "final_averaged_std": [
            0.00043759398827552675,
            0.0012744262574709692,
            0.003553804595368009,
            0.003571978718222924,
            0.003442267311537483
        ],
        "final_energy_list": []
    },
    "IBM_real": {
        "configs": [
            2,
            4,
            8
        ],
        "vqe_optimal_energy_list": [
            -74.97220073674364,
            -74.9782590050471,
            -74.98529836495344,
            -74.97255405835712,
            -74.81210617785841
        ],
        "vqe_minimal_energy_list": [
            -74.97731412359667,
            -74.98308981703866,
            -74.98759346299235,
            -74.9990198615599,
            -74.81210617785841
        ],
        "exact_energy_list": [
            -74.97490887856114,
            -74.97490887856114,
            -74.98246438333956,
            -74.98246438333956,
            -74.9919012884516
        ],
        "vqe_std_list": [
            0.001895326310630522,
            0.001271758934253461,
            0.0013855660432395694,
            0.0020219683582640723,
            0.0029418476676976294
        ],
        "vqe_averaged_energy_list": [
            -74.97286530550572,
            -74.97654026656372,
            -74.92916037344584,
            -74.97089910619472,
            -74.78959714462223
        ],
        "vqe_averaged_energy_std_list": [
            0.0027556065714671733,
            0.004736140919734137,
            0.12660031638789668,
            0.01616290614770108,
            0.005740034297224666
        ],
        "vqe_layers_used": [
            0.0,
            0.0,
            1.0,
            1.0,
            2.0
        ],
        "final_averaged_energy": [
            -74.97477236385178,
            -74.98018116971642,
            -74.9867394995205,
            -74.98699966105507,
            -74.96159870725094
        ],
        "final_averaged_std": [
            0.00043759398827552675,
            0.0012744262574709692,
            0.003553804595368009,
            0.003571978718222924,
            0.003442267311537483
        ],
        "final_energy_list": []
    }
}