{
    "statevector": {
        "configs": [],
        "vqe_optimal_energy_list": [],
        "vqe_minimal_energy_list": [],
        "exact_energy_list": [],
        "vqe_std_list": [],
        "vqe_averaged_energy_list": [],
        "vqe_averaged_energy_std_list": [],
        "vqe_layers_used": [],
        "final_averaged_energy": [
            -74.97453190532204,
            -74.98069323449764,
            -74.98652530087429,
            -74.98759440214118
        ],
        "final_averaged_std": [
            0.00036947386464242433,
            0.0012435353524113105,
            0.002151398219294514,
            0.0026219738739118354
        ],
        "final_energy_list": [
            -74.98501683969171,
            -74.98235433529277,
            -74.98810352764329,
            -74.99059440699173,
            -74.98911105290989,
            -74.98812300385225,
            -74.98590917072855,
            -74.98581190662904,
            -74.99088833418308,
            -74.99003144348941
        ]
    },
    "noisy_simulator": {
        "configs": [
            2,
            4,
            8,
            16
        ],
        "vqe_optimal_energy_list": [
            -74.97447097584573,
            -74.97974087368151,
            -74.9892623342576,
            -74.99033550850318
        ],
        "vqe_minimal_energy_list": [
            -74.97585330138898,
            -74.98282165645128,
            -74.99113079650647,
            -74.99228217249028
        ],
        "exact_energy_list": [
            -74.97490887856114,
            -74.98246438333956,
            -74.9919012884516,
            -75.00782125864295
        ],
        "vqe_std_list": [
            0.0007474286989724015,
            0.0007748416463482292,
            0.0007763017852285829,
            0.0009500883485625507
        ],
        "vqe_averaged_energy_list": [
            -74.97481803361725,
            -74.98089363727372,
            -74.98817769924833,
            -74.99003144348941
        ],
        "vqe_averaged_energy_std_list": [
            0.0008996192617847963,
            0.0007621150916425688,
            0.001130145380147381,
            0.0006498634038497941
        ],
        "vqe_layers_used": [
            0.0,
            1.0,
            2.0,
            3.0
        ],
        "final_averaged_energy": [
            -74.97453190532204,
            -74.98069323449764,
            -74.98652530087429,
            -74.98759440214118
        ],
        "final_averaged_std": [
            0.00036947386464242433,
            0.0012435353524113105,
            0.002151398219294514,
            0.0026219738739118354
        ],
        "final_energy_list": [
            -74.98501683969171,
            -74.98235433529277,
            -74.98810352764329,
            -74.99059440699173,
            -74.98911105290989,
            -74.98812300385225,
            -74.98590917072855,
            -74.98581190662904,
            -74.99088833418308,
            -74.99003144348941
        ]
    },
    "IBM_real": {
        "configs": [],
        "vqe_optimal_energy_list": [],
        "vqe_minimal_energy_list": [],
        "exact_energy_list": [],
        "vqe_std_list": [],
        "vqe_averaged_energy_list": [],
        "vqe_averaged_energy_std_list": [],
        "vqe_layers_used": [],
        "final_averaged_energy": [
            -74.97453190532204,
            -74.98069323449764,
            -74.98652530087429,
            -74.98759440214118
        ],
        "final_averaged_std": [
            0.00036947386464242433,
            0.0012435353524113105,
            0.002151398219294514,
            0.0026219738739118354
        ],
        "final_energy_list": [
            -74.98501683969171,
            -74.98235433529277,
            -74.98810352764329,
            -74.99059440699173,
            -74.98911105290989,
            -74.98812300385225,
            -74.98590917072855,
            -74.98581190662904,
            -74.99088833418308,
            -74.99003144348941
        ]
    }
}