{
    "statevector": {
        "configs": [],
        "vqe_optimal_energy_list": [],
        "vqe_minimal_energy_list": [],
        "exact_energy_list": [],
        "vqe_std_list": [],
        "vqe_averaged_energy_list": [],
        "vqe_averaged_energy_std_list": [],
        "vqe_layers_used": [],
        "final_averaged_energy": [
            -74.97483408484234,
            -74.98129548481174,
            -74.98798626273913,
            -74.98533839626478,
            -74.96226685278353
        ],
        "final_averaged_std": [
            0.0007191339910462655,
            0.0012407597180419069,
            0.0012926514548012619,
            0.0042238340445000565,
            0.0028635457881189368
        ],
        "final_energy_list": [
            -74.9629257187238,
            -74.96417583392217,
            -74.9636816477454,
            -74.95620022475616,
            -74.96263302634232,
            -74.96653601565319,
            -74.95973725498725,
            -74.9608882031529,
            -74.96534686866764,
            -74.96054373388432
        ]
    },
    "noisy_simulator": {
        "configs": [
            2,
            4,
            8,
            16,
            32
        ],
        "vqe_optimal_energy_list": [
            -74.97381040797458,
            -74.98182702228681,
            -74.98376458389409,
            -74.98501497097675,
            -74.9593190915978
        ],
        "vqe_minimal_energy_list": [
            -74.97531500754843,
            -74.98360978626572,
            -74.9874204596682,
            -74.98777682778093,
            -74.96501439155927
        ],
        "exact_energy_list": [
            -74.97490887856114,
            -74.98246438333956,
            -74.9919012884516,
            -75.00782125864295,
            -75.01133472700084
        ],
        "vqe_std_list": [
            0.0007832182299028712,
            0.0007725096678960954,
            0.0007616084623307701,
            0.0009714911540613692,
            0.001317094666558633
        ],
        "vqe_averaged_energy_list": [
            -74.97381090542754,
            -74.9817987003392,
            -74.9854296445005,
            -74.98566831832557,
            -74.96054373388432
        ],
        "vqe_averaged_energy_std_list": [
            0.000967440168117196,
            0.0010375345215897364,
            0.0008582079762546024,
            0.001533865141328673,
            0.0016545028373284331
        ],
        "vqe_layers_used": [
            0.0,
            1.0,
            2.0,
            3.0,
            4.0
        ],
        "final_averaged_energy": [
            -74.97483408484234,
            -74.98129548481174,
            -74.98798626273913,
            -74.98533839626478,
            -74.96226685278353
        ],
        "final_averaged_std": [
            0.0007191339910462655,
            0.0012407597180419069,
            0.0012926514548012619,
            0.0042238340445000565,
            0.0028635457881189368
        ],
        "final_energy_list": [
            -74.9629257187238,
            -74.96417583392217,
            -74.9636816477454,
            -74.95620022475616,
            -74.96263302634232,
            -74.96653601565319,
            -74.95973725498725,
            -74.9608882031529,
            -74.96534686866764,
            -74.96054373388432
        ]
    },
    "IBM_real": {
        "configs": [],
        "vqe_optimal_energy_list": [],
        "vqe_minimal_energy_list": [],
        "exact_energy_list": [],
        "vqe_std_list": [],
        "vqe_averaged_energy_list": [],
        "vqe_averaged_energy_std_list": [],
        "vqe_layers_used": [],
        "final_averaged_energy": [
            -74.97483408484234,
            -74.98129548481174,
            -74.98798626273913,
            -74.98533839626478,
            -74.96226685278353
        ],
        "final_averaged_std": [
            0.0007191339910462655,
            0.0012407597180419069,
            0.0012926514548012619,
            0.0042238340445000565,
            0.0028635457881189368
        ],
        "final_energy_list": [
            -74.9629257187238,
            -74.96417583392217,
            -74.9636816477454,
            -74.95620022475616,
            -74.96263302634232,
            -74.96653601565319,
            -74.95973725498725,
            -74.9608882031529,
            -74.96534686866764,
            -74.96054373388432
        ]
    }
}