{
    "statevector": {
        "distance": [
            0.5,
            0.7,
            0.9,
            1.1,
            1.3,
            1.5,
            1.7,
            1.9,
            2.1,
            2.3,
            2.5,
            2.7,
            2.9,
            3.1,
            3.3
        ],
        "vqe_optimal_energy_list": [
            -13.687357424648601,
            -14.870500823565413,
            -15.363456073724906,
            -15.548900841808809,
            -15.594195386388664,
            -15.57495768159516,
            -15.527468230796142,
            -15.470607722388397,
            -15.415162400971536,
            -15.367870826942394,
            -15.334178056818109,
            -15.315816524460244,
            -15.29476841441881,
            -15.288062853817507,
            -15.320878437348824
        ],
        "vqe_minimal_energy_list": [
            -13.687357424648601,
            -14.870500823565413,
            -15.363456073724906,
            -15.548900841808809,
            -15.594195386388664,
            -15.57495768159516,
            -15.527468230796142,
            -15.470607722388397,
            -15.415162400971536,
            -15.367870826942394,
            -15.334178056818109,
            -15.315816524460244,
            -15.29476841441881,
            -15.288062853817507,
            -15.320878437348824
        ],
        "exact_energy_list": [
            -13.687371002109943,
            -14.870502745689423,
            -15.363465584985407,
            -15.548903611068738,
            -15.594202932723805,
            -15.574961516738897,
            -15.527475744465669,
            -15.470616038402042,
            -15.415174663755256,
            -15.367910533441702,
            -15.334208591218529,
            -15.31812634226303,
            -15.314241898842477,
            -15.31559066291528,
            -15.322003212599828
        ],
        "vqe_std_list": [
            0.0,
            0.0,
            0.0,
            0.0,
            0.0,
            0.0,
            0.0,
            0.0,
            0.0,
            0.0,
            0.0,
            0.0,
            0.0,
            0.0,
            0.0
        ],
        "vqe_averaged_energy_list": [
            -13.687349269052769,
            -14.87049780698896,
            -15.36345180866833,
            -15.548899583789876,
            -15.59419307746926,
            -15.574955428243692,
            -15.527465813350577,
            -15.470591684945859,
            -15.415158092073602,
            -15.36785445816065,
            -15.334171064720007,
            -15.315060739375534,
            -15.294717434505191,
            -15.285653394838658,
            -15.320809384435915
        ],
        "vqe_averaged_energy_std_list": [
            6.048921970707107e-06,
            2.101919950993217e-06,
            3.087404304633918e-06,
            9.292995950832789e-07,
            2.2672772203711997e-06,
            9.125406060767903e-07,
            1.212994398289035e-06,
            7.199267760515515e-06,
            1.6479354858501259e-06,
            6.90080742398309e-06,
            4.310567635727854e-06,
            0.0007196117233190577,
            2.6456979903520297e-05,
            0.0010189275454774726,
            4.181905477101103e-05
        ]
    },
    "noisy_simulator": {
        "distance": [
            0.5,
            0.7,
            0.9,
            1.1,
            1.3,
            1.5,
            1.7,
            1.9,
            2.1,
            2.3,
            2.5,
            2.7,
            2.9,
            3.1,
            3.3
        ],
        "vqe_optimal_energy_list": [
            -13.656414687705203,
            -14.849615057427139,
            -15.339502885017845,
            -15.527727451564857,
            -15.58023041355492,
            -15.551479735782783,
            -15.510129975561807,
            -15.45391516405013,
            -15.394811636886349,
            -15.356646350795472,
            -15.318778982829821,
            -15.242472413389583,
            -15.282966630752957,
            -15.227422254905644,
            -15.290018394216762
        ],
        "vqe_minimal_energy_list": [
            -13.660739126966119,
            -14.852774684106612,
            -15.344281438584849,
            -15.530229115599905,
            -15.581707681228147,
            -15.552684858531086,
            -15.515001916132796,
            -15.459319005993297,
            -15.397811281190751,
            -15.356646350795472,
            -15.319854771671983,
            -15.243694874892684,
            -15.282966630752957,
            -15.229271567343236,
            -15.290018394216762
        ],
        "exact_energy_list": [
            -13.687371002109943,
            -14.870502745689423,
            -15.363465584985407,
            -15.548903611068738,
            -15.594202932723805,
            -15.574961516738897,
            -15.527475744465669,
            -15.470616038402042,
            -15.415174663755256,
            -15.367910533441702,
            -15.334208591218529,
            -15.31812634226303,
            -15.314241898842477,
            -15.31559066291528,
            -15.322003212599828
        ],
        "vqe_std_list": [
            0.0009354768418615642,
            0.0011015848670335516,
            0.0010410282248647148,
            0.0010765743585541463,
            0.001065565272173597,
            0.0010659370516270833,
            0.0010775848160959917,
            0.0010824647647607712,
            0.0010098257085247304,
            0.0010225457137448028,
            0.0009171976339134643,
            0.0009225226522774193,
            0.0009058834425585158,
            0.0008744294059630222,
            0.0009205078930152544
        ],
        "vqe_averaged_energy_list": [
            -13.656431913264589,
            -14.849976083594447,
            -15.340230662192795,
            -15.527302016199807,
            -15.578104542464308,
            -15.549430246448216,
            -15.511748301570853,
            -15.457481806340326,
            -15.394842141723506,
            -15.35445962098513,
            -15.317632028362137,
            -15.241008207949628,
            -15.279561755138985,
            -15.227521653137936,
            -15.287360883923773
        ],
        "vqe_averaged_energy_std_list": [
            0.002078135220053461,
            0.0018459282899212744,
            0.001285641562052356,
            0.0007855200727989952,
            0.0009270082842213763,
            0.0012025505762494864,
            0.001541564739040239,
            0.001120898886049343,
            0.001593696426985094,
            0.0008540705620440101,
            0.0008396407452034442,
            0.0005293370370479776,
            0.0006891796554683361,
            0.0007113322937938914,
            0.000936418409973028
        ]
    },
    "IBM_real": {
        "distance": [
            0.5,
            0.7,
            0.9,
            1.1,
            1.3,
            1.5,
            1.7,
            1.9,
            2.1,
            2.3,
            2.5,
            2.7,
            2.9,
            3.1,
            3.3
        ],
        "vqe_optimal_energy_list": [],
        "vqe_minimal_energy_list": [],
        "exact_energy_list": [],
        "vqe_std_list": [],
        "vqe_averaged_energy_list": [],
        "vqe_averaged_energy_std_list": []
    }
}