{
    "statevector": {
        "distance": [
            0.5,
            0.7,
            0.9,
            1.1,
            1.3,
            1.5,
            1.7,
            1.9,
            2.1,
            2.3,
            2.5,
            2.7,
            2.9,
            3.1,
            3.3
        ],
        "vqe_optimal_energy_list": [
            -13.687370985828752,
            -14.870502730590681,
            -15.363465575868977,
            -15.548903602863412,
            -15.594202926908887,
            -15.574961509780364,
            -15.527475736482536,
            -15.470616033450312,
            -15.415174658340021,
            -15.36791051657065,
            -15.334208582093597,
            -15.318126334625115,
            -15.314237158109185,
            -15.315590658686254,
            -15.321971524580118
        ],
        "vqe_minimal_energy_list": [
            -13.687370997133359,
            -14.8705027339919,
            -15.363465581790122,
            -15.548903606617735,
            -15.594202929119264,
            -15.574961511280657,
            -15.527475740930416,
            -15.470616035403769,
            -15.415174658340021,
            -15.36791051657065,
            -15.334208583143157,
            -15.318126336385655,
            -15.314237158109185,
            -15.315590658686254,
            -15.321971524580118
        ],
        "exact_energy_list": [
            -13.687371002109943,
            -14.870502745689423,
            -15.363465584985407,
            -15.548903611068738,
            -15.594202932723805,
            -15.574961516738897,
            -15.527475744465669,
            -15.470616038402042,
            -15.415174663755256,
            -15.367910533441702,
            -15.334208591218529,
            -15.31812634226303,
            -15.314241898842477,
            -15.31559066291528,
            -15.322003212599828
        ],
        "vqe_std_list": [
            0.0,
            0.0,
            0.0,
            0.0,
            0.0,
            0.0,
            0.0,
            0.0,
            0.0,
            0.0,
            0.0,
            0.0,
            0.0,
            0.0,
            0.0
        ],
        "vqe_averaged_energy_list": [
            -13.687370994460931,
            -14.870502731830765,
            -15.363465578454036,
            -15.548903603780477,
            -15.594202926769643,
            -15.574961509038328,
            -15.527475739243403,
            -15.470616034542914,
            -15.415174656502833,
            -15.367910514983596,
            -15.33420858211673,
            -15.3181263355986,
            -15.31423559624458,
            -15.315590657286062,
            -15.32197132065111
        ],
        "vqe_averaged_energy_std_list": [
            2.4359657724698478e-09,
            3.2464827303736248e-09,
            2.91723095716031e-09,
            2.2249617437781136e-09,
            1.7252943219259788e-09,
            2.43319843032986e-09,
            1.4358918079311107e-09,
            8.530581609922058e-10,
            1.3969871586016e-09,
            1.1111485714816685e-09,
            1.0983503979351365e-09,
            7.062263856208202e-10,
            1.043560566727377e-06,
            8.983278547112519e-10,
            1.2422764617783375e-07
        ]
    }
}