{
    "statevector": {
        "distance": [
            0.5,
            0.7,
            0.9,
            1.1,
            1.3,
            1.5,
            1.7,
            1.9,
            2.1,
            2.3,
            2.5,
            2.7,
            2.9,
            3.1,
            3.3
        ],
        "vqe_optimal_energy_list": [
            -13.687370985828752,
            -14.870502730590681,
            -15.363465575868977,
            -15.548903602863412,
            -15.594202926908887,
            -15.574961509780364,
            -15.527475736482536,
            -15.470616033450312,
            -15.415174658340021,
            -15.36791051657065,
            -15.334208582093597,
            -15.318126334625115,
            -15.314237158109185,
            -15.315590658686254,
            -15.321971524580118
        ],
        "vqe_minimal_energy_list": [
            -13.687370997133359,
            -14.8705027339919,
            -15.363465581790122,
            -15.548903606617735,
            -15.594202929119264,
            -15.574961511280657,
            -15.527475740930416,
            -15.470616035403769,
            -15.415174658340021,
            -15.36791051657065,
            -15.334208583143157,
            -15.318126336385655,
            -15.314237158109185,
            -15.315590658686254,
            -15.321971524580118
        ],
        "exact_energy_list": [
            -13.687371002109943,
            -14.870502745689423,
            -15.363465584985407,
            -15.548903611068738,
            -15.594202932723805,
            -15.574961516738897,
            -15.527475744465669,
            -15.470616038402042,
            -15.415174663755256,
            -15.367910533441702,
            -15.334208591218529,
            -15.31812634226303,
            -15.314241898842477,
            -15.31559066291528,
            -15.322003212599828
        ],
        "vqe_std_list": [
            0.0,
            0.0,
            0.0,
            0.0,
            0.0,
            0.0,
            0.0,
            0.0,
            0.0,
            0.0,
            0.0,
            0.0,
            0.0,
            0.0,
            0.0
        ],
        "vqe_averaged_energy_list": [
            -13.687370994460931,
            -14.870502731830765,
            -15.363465578454036,
            -15.548903603780477,
            -15.594202926769643,
            -15.574961509038328,
            -15.527475739243403,
            -15.470616034542914,
            -15.415174656502833,
            -15.367910514983596,
            -15.33420858211673,
            -15.3181263355986,
            -15.31423559624458,
            -15.315590657286062,
            -15.32197132065111
        ],
        "vqe_averaged_energy_std_list": [
            2.4359657724698478e-09,
            3.2464827303736248e-09,
            2.91723095716031e-09,
            2.2249617437781136e-09,
            1.7252943219259788e-09,
            2.43319843032986e-09,
            1.4358918079311107e-09,
            8.530581609922058e-10,
            1.3969871586016e-09,
            1.1111485714816685e-09,
            1.0983503979351365e-09,
            7.062263856208202e-10,
            1.043560566727377e-06,
            8.983278547112519e-10,
            1.2422764617783375e-07
        ],
        "FCI_energy": []
    },
    "noisy_simulator": {
        "distance": [
            0.5,
            0.7,
            0.9,
            1.1,
            1.3,
            1.5,
            1.7,
            1.9,
            2.1,
            2.3,
            2.5,
            2.7,
            2.9,
            3.1,
            3.3
        ],
        "vqe_optimal_energy_list": [
            -13.656414687705203,
            -14.849615057427139,
            -15.339502885017845,
            -15.527727451564857,
            -15.58023041355492,
            -15.551479735782783,
            -15.510129975561807,
            -15.45391516405013,
            -15.394811636886349,
            -15.356646350795472,
            -15.318778982829821,
            -15.242472413389583,
            -15.282966630752957,
            -15.227422254905644,
            -15.290018394216762
        ],
        "vqe_minimal_energy_list": [
            -13.660739126966119,
            -14.852774684106612,
            -15.344281438584849,
            -15.530229115599905,
            -15.581707681228147,
            -15.552684858531086,
            -15.515001916132796,
            -15.459319005993297,
            -15.397811281190751,
            -15.356646350795472,
            -15.319854771671983,
            -15.243694874892684,
            -15.282966630752957,
            -15.229271567343236,
            -15.290018394216762
        ],
        "exact_energy_list": [
            -13.687371002109943,
            -14.870502745689423,
            -15.363465584985407,
            -15.548903611068738,
            -15.594202932723805,
            -15.574961516738897,
            -15.527475744465669,
            -15.470616038402042,
            -15.415174663755256,
            -15.367910533441702,
            -15.334208591218529,
            -15.31812634226303,
            -15.314241898842477,
            -15.31559066291528,
            -15.322003212599828
        ],
        "vqe_std_list": [
            0.0009354768418615642,
            0.0011015848670335516,
            0.0010410282248647148,
            0.0010765743585541463,
            0.001065565272173597,
            0.0010659370516270833,
            0.0010775848160959917,
            0.0010824647647607712,
            0.0010098257085247304,
            0.0010225457137448028,
            0.0009171976339134643,
            0.0009225226522774193,
            0.0009058834425585158,
            0.0008744294059630222,
            0.0009205078930152544
        ],
        "vqe_averaged_energy_list": [
            -13.656431913264589,
            -14.849976083594447,
            -15.340230662192795,
            -15.527302016199807,
            -15.578104542464308,
            -15.549430246448216,
            -15.511748301570853,
            -15.457481806340326,
            -15.394842141723506,
            -15.35445962098513,
            -15.317632028362137,
            -15.241008207949628,
            -15.279561755138985,
            -15.227521653137936,
            -15.287360883923773
        ],
        "vqe_averaged_energy_std_list": [
            0.002078135220053461,
            0.0018459282899212744,
            0.001285641562052356,
            0.0007855200727989952,
            0.0009270082842213763,
            0.0012025505762494864,
            0.001541564739040239,
            0.001120898886049343,
            0.001593696426985094,
            0.0008540705620440101,
            0.0008396407452034442,
            0.0005293370370479776,
            0.0006891796554683361,
            0.0007113322937938914,
            0.000936418409973028
        ],
        "FCI_energy": []
    },
    "IBM_real": {
        "distance": [
            0.5,
            0.7,
            0.9,
            1.1,
            1.3,
            1.5,
            1.7,
            1.9,
            2.1,
            2.3,
            2.5,
            2.7,
            2.9,
            3.1,
            3.3
        ],
        "vqe_optimal_energy_list": [
            -13.272044141709815,
            -15.058501544723745,
            -15.327492335460514,
            -15.223176320885273,
            -15.028644900481567
        ],
        "vqe_minimal_energy_list": [
            -13.272044141709815,
            -15.058501544723745,
            -15.327492335460514,
            -15.223176320885273,
            -15.028644900481567
        ],
        "exact_energy_list": [
            -13.687371002109943,
            -15.363465584985407,
            -15.594202932723805,
            -15.415174663755256,
            -15.31559066291528
        ],