{
    "statevector": {
        "distance": [
            0.5,
            0.7,
            0.9,
            1.1,
            1.3,
            1.5,
            1.7,
            1.9,
            2.1,
            2.3,
            2.5,
            2.7,
            2.9,
            3.1,
            3.3
        ],
        "vqe_optimal_energy_list": [
            -13.687360827200388,
            -14.870479413955108,
            -15.36344991790852,
            -15.548902506437194,
            -15.594196250828494,
            -15.574960742671196,
            -15.527472318771093,
            -15.470612973560385,
            -15.415174064143876,
            -15.367905707119984,
            -15.334071411166358,
            -15.318124161222075,
            -15.314025888191287,
            -15.315582939159661,
            -15.321994181178866
        ],
        "vqe_minimal_energy_list": [
            -13.687360827200388,
            -14.870479413955108,
            -15.36344991790852,
            -15.548902506437194,
            -15.594196250828494,
            -15.574960742671196,
            -15.527472318771093,
            -15.470612973560385,
            -15.415174064143876,
            -15.367905707119984,
            -15.334071411166358,
            -15.318124161222075,
            -15.314025888191287,
            -15.315582939159661,
            -15.321994181178866
        ],
        "exact_energy_list": [
            -13.687371002109886,
            -14.870502745689487,
            -15.363465584985425,
            -15.54890361106866,
            -15.59420293272388,
            -15.574961516738801,
            -15.527475744465747,
            -15.470616038402039,
            -15.415174663755295,
            -15.367910533441748,
            -15.33420859121849,
            -15.318126342262909,
            -15.314241898842509,
            -15.315590662915238,
            -15.322003212599824
        ],
        "vqe_std_list": [
            0.0,
            0.0,
            0.0,
            0.0,
            0.0,
            0.0,
            0.0,
            0.0,
            0.0,
            0.0,
            0.0,
            0.0,
            0.0,
            0.0,
            0.0
        ],
        "vqe_averaged_energy_list": [
            -13.68735535739377,
            -14.870472813167549,
            -15.363446372235481,
            -15.54890144230258,
            -15.594192150255221,
            -15.574959874001866,
            -15.527470694240588,
            -15.470608993733464,
            -15.415173372429901,
            -15.367903459760146,
            -15.334047664784524,
            -15.318122362190497,
            -15.313964671696407,
            -15.315579355653185,
            -15.321970257152808
        ],
        "vqe_averaged_energy_std_list": [
            1.6245910252793068e-06,
            5.083053450321874e-06,
            2.8591966655309365e-06,
            3.568223653594735e-07,
            2.0807403601772363e-06,
            7.391164512697724e-07,
            1.474713259425134e-06,
            1.7859287003538413e-06,
            4.214764129820864e-07,
            2.1508225109940172e-06,
            2.0797045367713097e-05,
            1.146882374330742e-06,
            4.4817822748577134e-05,
            1.5471893504647199e-06,
            1.7658510652140523e-05
        ]
    },
    "noisy_simulator": {
        "distance": [
            0.5,
            0.7,
            0.9,
            1.1,
            1.3,
            1.5,
            1.7,
            1.9,
            2.1,
            2.3,
            2.5,
            2.7,
            2.9,
            3.1,
            3.3
        ],
        "vqe_optimal_energy_list": [
            -13.671318078721638,
            -14.835425008042696,
            -15.33115367745714,
            -15.529520612497159,
            -15.571848942040893,
            -15.54837114552973,
            -15.509566923960946,
            -15.455773910936621,
            -15.403456835579128,
            -15.360038108985183,
            -15.322258523867026,
            -15.300684937729047,
            -15.307645879453032,
            -15.306069691578706,
            -15.315928707728041
        ],
        "vqe_minimal_energy_list": [
            -13.675136439776766,
            -14.843578384149213,
            -15.341878233328133,
            -15.53788683633212,
            -15.579244151307448,
            -15.550207650273938,
            -15.517898049066996,
            -15.459427825178938,
            -15.407712776742336,
            -15.362305733637776,
            -15.325476417122315,
            -15.303973257224206,
            -15.307645879453032,
            -15.306954360744271,
            -15.315928707728041
        ],
        "exact_energy_list": [
            -13.687371002109886,
            -14.870502745689487,
            -15.363465584985425,
            -15.54890361106866,
            -15.59420293272388,
            -15.574961516738801,
            -15.527475744465747,
            -15.470616038402039,
            -15.415174663755295,
            -15.367910533441748,
            -15.33420859121849,
            -15.318126342262909,
            -15.314241898842509,
            -15.315590662915238,
            -15.322003212599824
        ],
        "vqe_std_list": [
            0.0022390307192771716,
            0.0034897105201155635,
            0.0029836630941885885,
            0.002397983819049522,
            0.0019611247987131016,
            0.0014423701272062819,
            0.001631970735458828,
            0.001213563298168083,
            0.0011660198611168292,
            0.0009649714856858166,
            0.0008498418404036487,
            0.0008165533517909776,
            0.0005835354229527321,
            0.0006177866340605904,
            0.0006650542073920237
        ],
        "vqe_averaged_energy_list": [
            -13.66830702758509,
            -14.83378460646639,
            -15.331232433545173,
            -15.528705614193049,
            -15.573457177185594,
            -15.54525825304157,
            -15.512976354206838,
            -15.455741117139166,
            -15.40212316762695,
            -15.359473585408363,
            -15.322924741696543,
            -15.302081978860036,
            -15.306303362176944,
            -15.305737425402786,
            -15.314124003612012
        ],
        "vqe_averaged_energy_std_list": [
            0.0020641732820970973,
            0.004478219275274541,
            0.003816098699156283,
            0.0030617925524954997,
            0.0025930684067545446,
            0.0018891877834886777,
            0.0022005020727181713,
            0.0011733985469939388,
            0.0013305421666529314,
            0.0007563423000381429,
            0.0011101561587849658,
            0.0008855556676285929,
            0.000489141109490461,
            0.0006019122614001275,
            0.00041834710123659757
        ]
    },
    "IBM_real": {
        "distance": [
            1.29
        ],
        "vqe_optimal_energy_list": [
            -15.369528239009965
        ],
        "vqe_minimal_energy_list": [
            -15.369528239009965
        ],
        "exact_energy_list": [
            -15.5938914849163
        ],
        "vqe_std_list": [
            0.0062593644351077735
        ],
        "vqe_averaged_energy_list": [
            -15.223883850255458
        ],
        "vqe_averaged_energy_std_list": [
            0.020322700403922547
        ]
    }
}