{
    "statevector": {
        "configs": [
            2,
            4,
            8,
            16,
            32,
            64
        ],
        "vqe_optimal_energy_list": [
            -55.4662004375962,
            -55.4662004375962,
            -55.4802849206998,
            -55.4802849206998,
            -55.490708582809134,
            -55.490708582809134,
            -55.50392506501393,
            -55.50392506501393,
            -55.514111032968984,
            -55.514111032968984,
            -55.5224484618964,
            -55.5224484618964
        ],
        "vqe_minimal_energy_list": [
            -55.46620044554881,
            -55.46620044554881,
            -55.4802849206998,
            -55.4802849206998,
            -55.490708583609944,
            -55.490708583609944,
            -55.50392506501393,
            -55.50392506501393,
            -55.514111032968984,
            -55.514111032968984,
            -55.522448464602704,
            -55.522448464602704
        ],
        "exact_energy_list": [
            -55.466200446332365,
            -55.466200446332365,
            -55.48028492230587,
            -55.48028492230587,
            -55.49070858665958,
            -55.49070858665958,
            -55.50392510658257,
            -55.50392510658257,
            -55.514516717411695,
            -55.514516717411695,
            -55.52244847846076,
            -55.52244847846076
        ],
        "vqe_std_list": [
            0.0,
            0.0,
            0.0,
            0.0,
            0.0,
            0.0,
            0.0,
            0.0,
            0.0,
            0.0,
            0.0,
            0.0
        ],
        "vqe_averaged_energy_list": [
            -55.466181200721664,
            -55.466181200721664,
            -55.4802848752703,
            -55.4802848752703,
            -55.4907085808796,
            -55.4907085808796,
            -55.50392504515662,
            -55.50392504515662,
            -55.51411080427755,
            -55.51411080427755,
            -55.52244846160595,
            -55.52244846160595
        ],
        "vqe_averaged_energy_std_list": [
            4.2690911644425646e-05,
            4.2690911644425646e-05,
            4.1177191850284876e-08,
            4.1177191850284876e-08,
            2.0252895574061215e-09,
            2.0252895574061215e-09,
            1.2400548396788628e-08,
            1.2400548396788628e-08,
            8.12565911751802e-08,
            8.12565911751802e-08,
            1.8209888396473726e-09,
            1.8209888396473726e-09
        ],
        "vqe_layers_used": [
            0.0,
            0.0,
            1.0,
            1.0,
            2.0,
            2.0,
            3.0,
            3.0,
            5.0,
            5.0,
            11.0,
            11.0
        ],
        "final_averaged_energy": [
            -55.465708420011005,
            -55.47914169910475,
            -55.48329260583349,
            -55.48567796393932
        ],
        "final_averaged_std": [
            0.0,
            0.0,
            0.0,
            0.0
        ],
        "final_energy_list": [
            [
                -55.465708420011005
            ],
            [
                -55.47914169910475
            ],
            [
                -55.48329260583349
            ],
            [
                -55.48567796393932
            ]
        ]
    },
    "noisy_simulator": {
        "configs": [
            2,
            4,
            8,
            16
        ],
        "vqe_optimal_energy_list": [
            -55.46634273707831,
            -55.46543028982056,
            -55.48019899049888,
            -55.477619969770416,
            -55.486178672131686,
            -55.48221169349769,
            -55.483957412014945,
            -55.48638609853053
        ],
        "vqe_minimal_energy_list": [
            -55.46634273707831,
            -55.46694750956564,
            -55.48089925272444,
            -55.47999909004811,
            -55.490422381755536,
            -55.487148148441364,
            -55.48786074913589,
            -55.49011252065455
        ],
        "exact_energy_list": [
            -55.466200446332365,
            -55.466200446332365,
            -55.48028492230587,
            -55.48028492230587,
            -55.49070858665958,
            -55.49070858665958,
            -55.50392510658257,
            -55.50392510658257
        ],
        "vqe_std_list": [
            0.0005367916181249269,
            0.0006792618546637805,
            0.0008389040046703408,
            0.0007943152303353768,
            0.0007744324926532799,
            0.0007884171174472054,
            0.0008394256712891242,
            0.0008367355775686272
        ],
        "vqe_averaged_energy_list": [
            -55.46478753400053,
            -55.465708420011005,
            -55.47914169910475,
            -55.47770643710677,
            -55.4876097355582,
            -55.48329260583349,
            -55.48567796393932,
            -55.48653976782249
        ],
        "vqe_averaged_energy_std_list": [
            0.0005249876722888819,
            0.0006783876738421913,
            0.0007023808393360889,
            0.0010537351696616485,
            0.000713049119012674,
            0.0007349517053212846,
            0.00099814292449646,
            0.0016850292343622416
        ],
        "vqe_layers_used": [
            0.0,
            0.0,
            1.0,
            1.0,
            2.0,
            2.0,
            3.0,
            3.0
        ],
        "final_averaged_energy": [
            -55.465708420011005,
            -55.47914169910475,
            -55.48329260583349,
            -55.48567796393932
        ],
        "final_averaged_std": [
            0.0,
            0.0,
            0.0,
            0.0
        ],
        "final_energy_list": [
            [
                -55.465708420011005
            ],
            [
                -55.47914169910475
            ],
            [
                -55.48329260583349
            ],
            [
                -55.48567796393932
            ]
        ]
    },
    "IBM_real": {
        "configs": [
            2,
            4
        ],
        "vqe_optimal_energy_list": [
            -55.46750655413675,
            -55.457347074577314
        ],
        "vqe_minimal_energy_list": [
            -55.47482530118265,
            -55.486791582411
        ],
        "exact_energy_list": [
            -55.466200446332365,
            -55.48028492230587
        ],
        "vqe_std_list": [
            0.0014058595766189626,
            0.002594792343855844
        ],
        "vqe_averaged_energy_list": [
            -55.465539833853754,
            -55.458253117865276
        ],
        "vqe_averaged_energy_std_list": [
            0.0051433936150362455,
            0.0029220197153300457
        ],
        "vqe_layers_used": [
            0.0,
            1.0
        ],
        "final_averaged_energy": [
            -55.465708420011005,
            -55.47914169910475,
            -55.48329260583349,
            -55.48567796393932
        ],
        "final_averaged_std": [
            0.0,
            0.0,
            0.0,
            0.0
        ],
        "final_energy_list": [
            [
                -55.465708420011005
            ],
            [
                -55.47914169910475
            ],
            [
                -55.48329260583349
            ],
            [
                -55.48567796393932
            ]
        ]
    }
}