{
    "statevector": {
        "configs": [
            2,
            4,
            8,
            16,
            32,
            64
        ],
        "vqe_optimal_energy_list": [
            -55.46428788059378,
            -55.47759416816594,
            -55.48871639595165,
            -55.50035378072129,
            -55.510435192082774,
            -55.51093658995324
        ],
        "vqe_minimal_energy_list": [
            -55.464287886849256,
            -55.47759416816594,
            -55.48871639948927,
            -55.50035378072129,
            -55.510435192082774,
            -55.510936594453575
        ],
        "exact_energy_list": [
            -55.464287887028554,
            -55.47759417324355,
            -55.48871640355478,
            -55.50035393063775,
            -55.51066733677684,
            -55.517555009641335
        ],
        "vqe_std_list": [
            0.0,
            0.0,
            0.0,
            0.0,
            0.0,
            0.0
        ],
        "vqe_averaged_energy_list": [
            -55.464279246032255,
            -55.47759413009144,
            -55.48871638239499,
            -55.50035371390269,
            -55.510435159932285,
            -55.51093659171353
        ],
        "vqe_averaged_energy_std_list": [
            2.3720909980966888e-05,
            5.908288337407256e-08,
            1.4228035451319398e-08,
            5.5518355174408516e-08,
            1.8028824487723095e-08,
            1.0232321788639803e-09
        ],
        "vqe_layers_used": [
            0.0,
            1.0,
            2.0,
            3.0,
            5.0,
            9.0
        ],
        "final_averaged_energy": [],
        "final_averaged_std": [],
        "final_energy_list": []
    },
    "noisy_simulator": {
        "configs": [
            2,
            4,
            8,
            16
        ],
        "vqe_optimal_energy_list": [
            -55.4647328072523,
            -55.47305008405237,
            -55.487974017818395,
            -55.483783619199805
        ],
        "vqe_minimal_energy_list": [
            -55.46564623133201,
            -55.47640268243965,
            -55.48938909872434,
            -55.487937246277234
        ],
        "exact_energy_list": [
            -55.464287887028554,
            -55.47759417324355,
            -55.48871640355478,
            -55.50035393063775
        ],
        "vqe_std_list": [
            0.0005175426596624394,
            0.0008051891367195996,
            0.0008275002450926264,
            0.0008453259806174953
        ],
        "vqe_averaged_energy_list": [
            -55.46402149406309,
            -55.474464599552405,
            -55.48688068215593,
            -55.48306777960263
        ],
        "vqe_averaged_energy_std_list": [
            0.00080695869230165,
            0.000737719020669165,
            0.0010503540560701447,
            0.0007641006418455627
        ],
        "vqe_layers_used": [
            0.0,
            1.0,
            2.0,
            3.0
        ],
        "final_averaged_energy": [],
        "final_averaged_std": [],
        "final_energy_list": []
    },
    "IBM_real": {
        "configs": [
            2,
            4
        ],
        "vqe_optimal_energy_list": [
            -55.46446319886849,
            -55.46438578163471
        ],
        "vqe_minimal_energy_list": [
            -55.465057970285265,
            -55.495657705570814
        ],
        "exact_energy_list": [
            -55.464287887028554,
            -55.47759417324355
        ],
        "vqe_std_list": [
            0.0016654145719672616,
            0.002453111811205183
        ],
        "vqe_averaged_energy_list": [
            -55.4608419988031,
            -55.458552765255
        ],
        "vqe_averaged_energy_std_list": [
            0.004192772081724452,
            0.004786388808192965
        ],
        "vqe_layers_used": [
            0.0,
            2.0
        ],
        "final_averaged_energy": [],
        "final_averaged_std": [],
        "final_energy_list": []
    }
}