{
    "exact": {
        "configs": [
            2,
            4,
            8,
            16,
            32,
            64,
            128,
            256,
            512,
            1024,
            2048,
            4096
        ],
        "exact_energy_list": [
            -77.115184896856,
            -77.12311361655944,
            -77.13226115135936,
            -77.14550194357025,
            -77.1641963242721,
            -77.18734492980423,
            -77.21163650169399,
            -77.22308606970586,
            -77.2265499543488,
            -77.22846134308904,
            -77.23006638012538,
            -77.23125793287247
        ]
    },
    "statevector": {
        "configs": [
            2,
            4,
            8,
            16,
            32,
            64,
            128
        ],
        "vqe_optimal_energy_list": [
            -77.11518489491692,
            -77.12311361381182,
            -77.13226114402653,
            -77.14550193737094,
            -77.15457448093227,
            -77.163090068071,
            -77.16195578959284
        ],
        "vqe_minimal_energy_list": [
            -77.11518489685491,
            -77.12311361567177,
            -77.13226114805056,
            -77.14550193998781,
            -77.15457448093227,
            -77.163090068071,
            -77.16195578959284
        ],
        "exact_energy_list": [
            -77.115184896856,
            -77.1231136165595,
            -77.13226115135939,
            -77.14550194357008,
            -77.1641963242725,
            -77.18734492980468,
            -77.21163650169404
        ],
        "vqe_std_list": [
            0.0,
            0.0,
            0.0,
            0.0,
            0.0,
            0.0,
            0.0
        ],
        "vqe_averaged_energy_list": [
            -77.11517318460919,
            -77.12311360613448,
            -77.13226114615323,
            -77.14550193803858,
            -77.15444041117397,
            -77.16305760844426,
            -77.16161464689765
        ],
        "vqe_averaged_energy_std_list": [
            3.041407360678711e-05,
            8.484590520102504e-09,
            1.7066954388478917e-09,
            1.591257355484746e-09,
            7.67422488442655e-05,
            3.319091378809805e-05,
            0.0002302076475781117
        ],
        "vqe_layers_used": [
            0.0,
            1.0,
            2.0,
            3.0,
            5.0,
            7.0,
            9.0
        ],
        "final_averaged_energy": [],
        "final_averaged_std": [],
        "final_energy_list": []
    },
    "noisy_simulator": {
        "configs": [],
        "vqe_optimal_energy_list": [],
        "vqe_minimal_energy_list": [],
        "exact_energy_list": [],
        "vqe_std_list": [],
        "vqe_averaged_energy_list": [],
        "vqe_averaged_energy_std_list": [],
        "vqe_layers_used": [],
        "final_averaged_energy": [],
        "final_averaged_std": [],
        "final_energy_list": []
    },
    "IBM_real": {
        "configs": [],
        "vqe_optimal_energy_list": [],
        "vqe_minimal_energy_list": [],
        "exact_energy_list": [],
        "vqe_std_list": [],
        "vqe_averaged_energy_list": [],
        "vqe_averaged_energy_std_list": [],
        "vqe_layers_used": [],
        "final_averaged_energy": [],
        "final_averaged_std": [],
        "final_energy_list": []
    }
}