{
    "exact": {
        "configs": [
            2,
            4,
            8,
            16,
            32,
            64,
            128,
            256,
            512,
            1024,
            2048,
            4096
        ],
        "exact_energy_list": [
            -77.115184896856,
            -77.12311361655944,
            -77.13226115135936,
            -77.14550194357025,
            -77.1641963242721,
            -77.18734492980423,
            -77.21163650169399,
            -77.22308606970586,
            -77.2265499543488,
            -77.22846134308904,
            -77.23006638012538,
            -77.23125793287247
        ]
    },
    "statevector": {
        "configs": [
            2,
            4,
            8,
            16,
            32,
            64,
            128
        ],
        "vqe_optimal_energy_list": [
            -77.11518489491692,
            -77.12311361381182,
            -77.13226114402653,
            -77.14550193737094,
            -77.16419609364968,
            -77.1810532601703,
            -77.17430612055793
        ],
        "vqe_minimal_energy_list": [
            -77.11518489685491,
            -77.12311361567177,
            -77.13226114805056,
            -77.14550193998781,
            -77.16419610139042,
            -77.18105326177115,
            -77.17430612055793
        ],
        "exact_energy_list": [
            -77.115184896856,
            -77.1231136165595,
            -77.13226115135939,
            -77.14550194357008,
            -77.1641963242725,
            -77.18734492980468,
            -77.21163650169404
        ],
        "vqe_std_list": [
            0.0,
            0.0,
            0.0,
            0.0,
            0.0,
            0.0,
            0.0
        ],
        "vqe_averaged_energy_list": [
            -77.11517318460919,
            -77.12311360613448,
            -77.13226114615323,
            -77.14550193803858,
            -77.16419609833171,
            -77.18105325940978,
            -77.1743061180695
        ],
        "vqe_averaged_energy_std_list": [
            3.041407360678711e-05,
            8.484590520102504e-09,
            1.7066954388478917e-09,
            1.591257355484746e-09,
            1.7686202319125243e-09,
            1.5618277030338399e-09,
            1.4372804564953518e-09
        ],
        "vqe_layers_used": [
            0.0,
            1.0,
            2.0,
            3.0,
            7.0,
            9.0,
            11.0
        ],
        "final_averaged_energy": [
            -77.11547766522833,
            -77.12128660111573,
            -77.12579353546971,
            -77.12874763511957,
            -77.08889626796383
        ],
        "final_averaged_std": [
            0.0,
            0.0,
            0.0,
            0.0,
            0.0
        ],
        "final_energy_list": [
            [
                -77.11547766522833
            ],
            [
                -77.12128660111573
            ],
            [
                -77.12579353546971
            ],
            [
                -77.12874763511957
            ],
            [
                -77.08889626796383
            ]
        ]
    },
    "noisy_simulator": {
        "configs": [
            2,
            4,
            8,
            16,
            32
        ],
        "vqe_optimal_energy_list": [
            -77.11618743125172,
            -77.12267981364741,
            -77.12386355508016,
            -77.128585890696,
            -77.09161867856636
        ],
        "vqe_minimal_energy_list": [
            -77.11654497312483,
            -77.12348050145332,
            -77.1277997729502,
            -77.13130894694197,
            -77.09161867856636
        ],
        "exact_energy_list": [
            -77.115184896856,
            -77.1231136165595,
            -77.13226115135939,
            -77.14550194357008,
            -77.1641963242725
        ],
        "vqe_std_list": [
            0.0006733249727806015,
            0.0008483712546840062,
            0.000780834647489202,
            0.0008700041419137191,
            0.00113441483109129
        ],
        "vqe_averaged_energy_list": [
            -77.11547766522833,
            -77.12128660111573,
            -77.12579353546971,
            -77.12874763511957,
            -77.08889626796383
        ],
        "vqe_averaged_energy_std_list": [
            0.0005180369148141184,
            0.0008373050915891614,
            0.0012473294317236195,
            0.0010959920229475255,
            0.0015501519855711705
        ],
        "vqe_layers_used": [
            0.0,
            1.0,
            2.0,
            3.0,
            7.0
        ],
        "final_averaged_energy": [
            -77.11547766522833,
            -77.12128660111573,
            -77.12579353546971,
            -77.12874763511957,
            -77.08889626796383
        ],
        "final_averaged_std": [
            0.0,
            0.0,
            0.0,
            0.0,
            0.0
        ],
        "final_energy_list": [
            [
                -77.11547766522833
            ],
            [
                -77.12128660111573
            ],
            [
                -77.12579353546971
            ],
            [
                -77.12874763511957
            ],
            [
                -77.08889626796383
            ]
        ]
    },
    "IBM_real": {
        "configs": [
            2,
            4
        ],
        "vqe_optimal_energy_list": [
            -77.11740473129188,
            -77.10674027516967
        ],
        "vqe_minimal_energy_list": [
            -77.11905611500953,
            -77.10890558053131
        ],
        "exact_energy_list": [
            -77.115184896856,
            -77.1231136165595
        ],
        "vqe_std_list": [
            0.0014922925974572385,
            0.0020257262185567905
        ],
        "vqe_averaged_energy_list": [
            -77.11638988338396,
            -77.10312149992897
        ],
        "vqe_averaged_energy_std_list": [
            0.0014080414648259517,
            0.007043086624833982
        ],
        "vqe_layers_used": [
            0.0,
            1.0
        ],
        "final_averaged_energy": [
            -77.11547766522833,
            -77.12128660111573,
            -77.12579353546971,
            -77.12874763511957,
            -77.08889626796383
        ],
        "final_averaged_std": [
            0.0,
            0.0,
            0.0,
            0.0,
            0.0
        ],
        "final_energy_list": [
            [
                -77.11547766522833
            ],
            [
                -77.12128660111573
            ],
            [
                -77.12579353546971
            ],
            [
                -77.12874763511957
            ],
            [
                -77.08889626796383
            ]
        ]
    }
}